"SAMPLEID","INDEX_REGION","INDEX_NAME","ni_total","nt_CruMol","pi_ffg_pred","pi_ffg_shred","pi_habit_cling","pi_CruMol","nt_tv_toler","pt_NonIns","pi_habit_climb","pi_EPT","pi_EPTNoBH","pi_tv_toler","nt_EPT","pi_Cru","pt_tv_intol","nt_NonIns","pi_ffg_scrap","pi_IsoMolHir","pi_NonIns","pi_Pleco","pt_tv_toler","pi_ffg_col","pi_habit_sprawl","nt_Trich","nt_habit_cling","pi_tv_intol"
"CHGX-432-S-1111","NARROW","MIEGLE_2020",95,0,2.10526315789474,40,83.1578947368421,0,5,5,32.6315789473684,65.2631578947368,65.2631578947368,29.4736842105263,10,0,30,1,9.47368421052632,0,1.05263157894737,14.7368421052632,25,0,28.4210526315789,6,14,23.1578947368421
"CHGX-435-R-1111","NARROW","MIEGLE_2020",119,1,16.8067226890756,8.40336134453782,32.7731092436975,2.52100840336134,14,11.7647058823529,7.56302521008403,19.327731092437,19.327731092437,78.9915966386555,2,0,0,2,2.52100840336134,2.52100840336134,4.20168067226891,0,82.3529411764706,0,51.2605042016807,2,6,0
"CHGX-537-R-1111","VERYNARROW","MIEGLE_2020",121,1,5.78512396694215,7.43801652892562,67.7685950413223,0.826446280991736,11,3.44827586206897,14.8760330578512,49.5867768595041,49.5867768595041,36.3636363636364,10,0,17.2413793103448,1,9.91735537190083,0.826446280991736,0.826446280991736,0,37.9310344827586,0,26.4462809917355,6,18,15.702479338843
"CHGX-546-R-1111","VERYNARROW","MIEGLE_2020",129,0,9.30232558139535,3.10077519379845,75.1937984496124,0,11,11.1111111111111,17.0542635658915,54.2635658914729,54.2635658914729,24.8062015503876,8,0,25.9259259259259,3,8.52713178294574,0.775193798449612,5.42635658914729,0,40.7407407407407,0,19.3798449612403,6,16,20.9302325581395
"CHGX-648-S-1111","VERYNARROW","MIEGLE_2020",116,1,2.58620689655172,1.72413793103448,68.9655172413793,0.862068965517241,9,11.1111111111111,27.5862068965517,63.7931034482759,63.7931034482759,29.3103448275862,13,0,29.6296296296296,3,12.0689655172414,0.862068965517241,2.58620689655172,0.862068965517241,33.3333333333333,0,29.3103448275862,8,16,23.2758620689655
"EBUX-435-S-1111","VERYNARROW","MIEGLE_2020",137,0,12.4087591240876,13.8686131386861,71.5328467153285,0,11,2.7027027027027,10.9489051094891,59.8540145985401,59.8540145985401,27.007299270073,15,0,27.027027027027,1,9.48905109489051,0,0.72992700729927,13.1386861313869,29.7297297297297,0,31.3868613138686,5,25,43.0656934306569
"EBUX-534-X-1111","VERYNARROW","MIEGLE_2020",116,0,1.72413793103448,47.4137931034483,69.8275862068966,0,13,5.26315789473684,48.2758620689655,13.7931034482759,13.7931034482759,81.0344827586207,4,0,10.5263157894737,1,3.44827586206897,0,0.862068965517241,0,68.4210526315789,0,25.8620689655172,4,10,6.03448275862069
"EBUX-535-X-1111","VERYNARROW","MIEGLE_2020",119,0,4.20168067226891,8.40336134453782,26.890756302521,0,14,4,7.56302521008403,16.8067226890756,16.8067226890756,78.9915966386555,7,0,12,1,0.840336134453782,0,2.52100840336134,0,56,0,66.3865546218487,5,13,10.9243697478992
"EBUX-536-X-1111","VERYNARROW","MIEGLE_2020",122,0,3.27868852459016,2.45901639344262,32.7868852459016,0,14,4.16666666666667,4.0983606557377,25.4098360655738,25.4098360655738,71.3114754098361,6,0,16.6666666666667,1,2.45901639344262,0,3.27868852459016,0,58.3333333333333,0,59.0163934426229,4,12,21.3114754098361
"EBUX-537-X-1111","VERYNARROW","MIEGLE_2020",112,0,0.892857142857143,1.78571428571429,43.75,0,7,5.88235294117647,1.78571428571429,41.0714285714286,41.0714285714286,58.0357142857143,9,0,29.4117647058824,1,6.25,0,1.78571428571429,0.892857142857143,41.1764705882353,0,47.3214285714286,4,11,29.4642857142857
"EBXE-441-R-1111","WETWIDE","MIEGLE_2020",119,0,36.9747899159664,1.68067226890756,31.0924369747899,0,17,3.7037037037037,12.6050420168067,24.3697478991597,24.3697478991597,73.9495798319328,10,0,14.8148148148148,1,14.2857142857143,0,0.840336134453782,0,62.962962962963,0,66.3865546218487,4,12,7.56302521008403
"EBXE-447-R-1111","WETWIDE","MIEGLE_2020",120,0,5.83333333333333,5.83333333333333,41.6666666666667,0,14,10.3448275862069,5.83333333333333,29.1666666666667,29.1666666666667,64.1666666666667,8,0,17.2413793103448,3,15.8333333333333,0,4.16666666666667,0,48.2758620689655,0,40,4,18,15
"EBZN-436-R-1111","WETWIDE","MIEGLE_2020",114,0,17.5438596491228,7.01754385964912,71.0526315789474,0,9,0,8.7719298245614,50.8771929824561,50.8771929824561,27.1929824561403,10,0,20,0,24.5614035087719,0,0,1.75438596491228,36,0,15.7894736842105,5,15,20.1754385964912
"EFHG-678-R-1111","WETWIDE","MIEGLE_2020",110,1,5.45454545454545,14.5454545454545,30.9090909090909,0.909090909090909,13,4.34782608695652,10.9090909090909,17.2727272727273,17.2727272727273,76.3636363636364,5,0,17.3913043478261,1,33.6363636363636,0,0.909090909090909,9.09090909090909,56.5217391304348,0,70,3,10,12.7272727272727
"EHIV-431-R-1111","WETWIDE","MIEGLE_2020",141,0,2.12765957446809,0,0,0,2,40,0,0,0,92.1985815602837,0,0,0,2,0,91.4893617021277,97.1631205673759,0,40,0,98.5815602836879,0,0,0
"EHIV-4310-R-1111","WETWIDE","MIEGLE_2020",125,0,0.8,0,0,0,2,50,0,0,0,75.2,0,0,0,2,0,74.4,96.8,0,50,0,97.6,0,0,0
"EHIV-434-R-1111","WETWIDE","MIEGLE_2020",127,0,1.5748031496063,0,0.78740157480315,0,10,30.7692307692308,0.78740157480315,0,0,12.5984251968504,0,0,0,4,0,0.78740157480315,84.251968503937,0,76.9230769230769,0,90.5511811023622,0,1,0
"EHIV-443-R-1111","WETWIDE","MIEGLE_2020",106,2,7.54716981132075,0.943396226415094,15.0943396226415,3.77358490566038,21,16.6666666666667,6.60377358490566,0,0,95.2830188679245,0,0,0,4,2.83018867924528,2.83018867924528,8.49056603773585,0,87.5,0,20.7547169811321,0,5,0
"EHVA-445-R-1111","WETWIDE","MIEGLE_2020",117,0,5.12820512820513,34.1880341880342,52.1367521367521,0,10,0,5.98290598290598,34.1880341880342,34.1880341880342,62.3931623931624,13,0,26.9230769230769,0,11.1111111111111,0,0,8.54700854700855,38.4615384615385,0,52.1367521367521,6,19,23.0769230769231
"EHVA-447-R-1111","WETWIDE","MIEGLE_2020",125,0,1.6,4,75.2,0,7,0,4,56,56,30.4,6,0,26.3157894736842,0,14.4,0,0,0,36.8421052631579,0,21.6,4,15,25.6
"EHVA-453-S-1111","WETWIDE","MIEGLE_2020",120,0,26.6666666666667,9.16666666666667,75,0,9,3.44827586206897,12.5,67.5,67.5,21.6666666666667,14,0,37.9310344827586,1,12.5,0,0.833333333333333,29.1666666666667,31.0344827586207,0,44.1666666666667,4,17,50
"EHVA-454-R-1111","WETWIDE","MIEGLE_2020",134,0,7.46268656716418,3.73134328358209,8.2089552238806,0,15,14.2857142857143,23.8805970149254,2.98507462686567,2.98507462686567,94.0298507462687,3,0,4.76190476190476,3,11.1940298507463,0,2.23880597014925,0,71.4285714285714,0,86.5671641791045,2,6,0.746268656716418
"EHVA-457-R-1111","WETWIDE","MIEGLE_2020",124,0,12.0967741935484,9.67741935483871,80.6451612903226,0,7,0,10.4838709677419,29.0322580645161,29.0322580645161,32.258064516129,5,0,18.75,0,44.3548387096774,0,0,0,43.75,0,18.5483870967742,4,10,8.87096774193548
"EHVA-532-R-1111","WETWIDE","MIEGLE_2020",116,0,6.89655172413793,9.48275862068965,61.2068965517241,0,15,6.66666666666667,7.75862068965517,43.1034482758621,43.1034482758621,45.6896551724138,11,0,10,2,8.62068965517241,0,1.72413793103448,3.44827586206897,50,0,39.6551724137931,5,19,21.551724137931
"EHVA-535-R-1111","WETWIDE","MIEGLE_2020",142,0,8.45070422535211,16.9014084507042,83.0985915492958,0,13,3.57142857142857,9.15492957746479,73.943661971831,73.943661971831,23.943661971831,14,0,21.4285714285714,1,3.52112676056338,0,0.704225352112676,14.0845070422535,46.4285714285714,0,26.7605633802817,4,18,56.3380281690141
"EHVA-539-R-1111","WETWIDE","MIEGLE_2020",117,0,11.965811965812,2.56410256410256,76.9230769230769,0,10,0,5.98290598290598,66.6666666666667,66.6666666666667,30.7692307692308,17,0,40,0,10.2564102564103,0,0,6.83760683760684,33.3333333333333,0,22.2222222222222,7,21,43.5897435897436
"EHVA-6410-R-1111","WETWIDE","MIEGLE_2020",118,0,1.69491525423729,1.69491525423729,76.271186440678,0,12,8.69565217391304,1.69491525423729,35.5932203389831,35.5932203389831,31.3559322033898,6,0,13.0434782608696,2,27.9661016949153,0.847457627118644,3.38983050847458,0,52.1739130434783,0,21.1864406779661,3,15,23.728813559322
"EHVA-644-R-1111","WETWIDE","MIEGLE_2020",119,0,5.04201680672269,2.52100840336134,84.0336134453782,0,10,0,2.52100840336134,68.0672268907563,68.0672268907563,19.327731092437,12,0,32,0,4.20168067226891,0,0,1.68067226890756,40,0,18.4873949579832,4,18,43.6974789915966
"EHVA-646-R-1111","WETWIDE","MIEGLE_2020",117,0,4.27350427350427,3.41880341880342,91.4529914529915,0,6,0,3.41880341880342,82.9059829059829,82.9059829059829,5.98290598290598,10,0,33.3333333333333,0,7.69230769230769,0,0,3.41880341880342,28.5714285714286,0,8.54700854700855,3,14,48.7179487179487
"EHVK-435-S-1111","WETWIDE","MIEGLE_2020",110,1,2.72727272727273,0.909090909090909,84.5454545454545,1.81818181818182,12,21.4285714285714,0,0,0,98.1818181818182,0,0,0,3,0.909090909090909,0,5.45454545454545,0,85.7142857142857,0,8.18181818181818,0,3,0
"EHVK-447-R-1111","WETWIDE","MIEGLE_2020",115,0,6.08695652173913,7.82608695652174,12.1739130434783,0,21,24,4.34782608695652,1.73913043478261,1.73913043478261,89.5652173913043,1,0,0,6,0.869565217391304,0,23.4782608695652,0,84,0,73.0434782608696,0,5,0
"EHZN-544-R-1111","WETWIDE","MIEGLE_2020",123,0,6.50406504065041,14.6341463414634,53.6585365853659,0,10,0,19.5121951219512,27.6422764227642,27.6422764227642,63.4146341463415,9,0,18.1818181818182,0,8.94308943089431,0,0,0.813008130081301,45.4545454545455,0,39.0243902439024,3,14,8.94308943089431
"EHZN-634-R-1111","WETWIDE","MIEGLE_2020",128,0,5.46875,4.6875,17.96875,0,13,11.1111111111111,2.34375,12.5,12.5,86.71875,4,0,5.55555555555556,2,2.34375,0,3.90625,0,72.2222222222222,0,67.1875,2,7,9.375
"EHZN-638-R-1111","WETWIDE","MIEGLE_2020",110,0,12.7272727272727,7.27272727272727,21.8181818181818,0,20,16.6666666666667,17.2727272727273,3.63636363636364,3.63636363636364,88.1818181818182,3,0,0,4,1.81818181818182,4.54545454545455,14.5454545454545,0,83.3333333333333,0,66.3636363636364,2,8,0
"EITQ-523-X-1111","WETWIDE","MIEGLE_2020",109,1,6.42201834862385,8.25688073394495,29.3577981651376,1.8348623853211,16,19.2307692307692,2.75229357798165,14.6788990825688,14.6788990825688,75.2293577981651,2,0,0,5,27.5229357798165,0,6.42201834862385,0,61.5384615384615,0,61.4678899082569,2,11,0
"EITQ-527-X-1111","WETWIDE","MIEGLE_2020",117,0,4.27350427350427,1.70940170940171,39.3162393162393,0,9,5.88235294117647,6.83760683760684,35.042735042735,35.042735042735,56.4102564102564,4,0,5.88235294117647,1,9.4017094017094,0,0.854700854700855,0,52.9411764705882,0,52.991452991453,4,6,4.27350427350427
"EPBG-431-X-1111","WETWIDE","MIEGLE_2020",120,2,4.16666666666667,32.5,69.1666666666667,1.66666666666667,13,10.7142857142857,20,46.6666666666667,46.6666666666667,47.5,8,0,14.2857142857143,3,6.66666666666667,1.66666666666667,2.5,12.5,46.4285714285714,0,34.1666666666667,5,14,30.8333333333333
"ETGZ-448-R-1111","VERYNARROW","MIEGLE_2020",136,0,25,1.47058823529412,9.55882352941176,0,16,7.69230769230769,8.08823529411765,2.20588235294118,2.20588235294118,77.2058823529412,2,0,3.84615384615385,2,5.88235294117647,9.55882352941176,10.2941176470588,0,61.5384615384615,0,78.6764705882353,2,6,0.735294117647059
"ETGZ-537-R-1111","VERYNARROW","MIEGLE_2020",113,3,19.4690265486726,12.3893805309735,44.2477876106195,2.65486725663717,23,25.7142857142857,22.1238938053097,16.8141592920354,16.8141592920354,75.2212389380531,5,0,2.85714285714286,9,7.07964601769912,15.0442477876106,23.0088495575221,0,65.7142857142857,0,43.3628318584071,4,12,2.65486725663717
"FBVK-531-R-1111","WETWIDE","MIEGLE_2020",115,1,32.1739130434783,6.08695652173913,34.7826086956522,1.73913043478261,22,12.5,17.3913043478261,7.82608695652174,7.82608695652174,79.1304347826087,3,0,3.125,4,5.21739130434783,0,9.56521739130435,0,68.75,0,54.7826086956522,1,10,3.47826086956522
"FBVK-5310-R-1111","WETWIDE","MIEGLE_2020",108,2,23.1481481481481,8.33333333333333,45.3703703703704,7.40740740740741,15,25,11.1111111111111,0.925925925925926,0.925925925925926,99.0740740740741,1,0,0,4,3.7037037037037,3.7037037037037,46.2962962962963,0,93.75,0,33.3333333333333,1,4,0
"FBVK-535-R-1111","WETWIDE","MIEGLE_2020",141,1,3.54609929078014,31.9148936170213,84.3971631205674,1.41843971631206,14,19.047619047619,21.9858156028369,29.7872340425532,29.7872340425532,56.7375886524823,4,0,4.76190476190476,4,4.9645390070922,0,12.0567375886525,0,66.6666666666667,0,14.8936170212766,4,13,0.709219858156028
"FITQ-437-R-1111","WETWIDE","MIEGLE_2020",133,1,32.3308270676692,8.27067669172932,22.5563909774436,1.50375939849624,15,10,12.0300751879699,16.5413533834586,16.5413533834586,54.8872180451128,6,0,10,3,7.5187969924812,0,6.76691729323308,0,50,0,57.1428571428571,5,8,6.76691729323308
"FITQ-646-R-1111","WETWIDE","MIEGLE_2020",122,1,3.27868852459016,2.45901639344262,49.1803278688525,0.819672131147541,11,4.54545454545455,2.45901639344262,43.4426229508197,43.4426229508197,52.4590163934426,8,0,18.1818181818182,1,16.3934426229508,0.819672131147541,0.819672131147541,3.27868852459016,50,0,48.3606557377049,4,13,11.4754098360656
"FITQ-744-R-1111","WETWIDE","MIEGLE_2020",118,1,5.93220338983051,23.728813559322,88.9830508474576,0.847457627118644,8,8.69565217391304,0,72.8813559322034,72.8813559322034,19.4915254237288,9,0,26.0869565217391,2,13.5593220338983,0,3.38983050847458,22.8813559322034,34.7826086956522,0,32.2033898305085,4,15,32.2033898305085
"FTMM-366-S-1111","WETWIDE","MIEGLE_2020",114,0,25.4385964912281,22.8070175438597,53.5087719298246,0,9,4.54545454545455,3.50877192982456,76.3157894736842,76.3157894736842,14.9122807017544,10,0,27.2727272727273,1,7.01754385964912,0,0.87719298245614,43.859649122807,40.9090909090909,0,49.1228070175439,2,9,43.859649122807
"GTGC-664-S-1111","WETWIDE","MIEGLE_2020",114,1,13.1578947368421,12.280701754386,78.0701754385965,1.75438596491228,12,12,1.75438596491228,64.9122807017544,64.9122807017544,27.1929824561403,9,0,28,3,13.1578947368421,4.3859649122807,7.89473684210526,22.8070175438597,48,0,40.3508771929825,1,14,61.4035087719298
"GTGM-432-R-1111","WETWIDE","MIEGLE_2020",134,1,44.7761194029851,0,25.3731343283582,0.746268656716418,14,23.5294117647059,8.2089552238806,0.746268656716418,0.746268656716418,87.3134328358209,1,0,5.88235294117647,4,1.49253731343284,0,27.6119402985075,0,82.3529411764706,0,38.0597014925373,0,4,0.746268656716418
"GTGM-437-R-1111","WETWIDE","MIEGLE_2020",138,5,5.79710144927536,4.34782608695652,13.768115942029,15.9420289855072,12,50,16.6666666666667,2.17391304347826,2.17391304347826,89.1304347826087,1,0,0,10,12.3188405797101,21.7391304347826,79.7101449275362,0,60,0,23.9130434782609,1,3,0
"GTGM-444-R-1111","WESTFLAT","MIEGLE_2020",27,0,33.3333333333333,0,22.2222222222222,0,11,0,29.6296296296296,0,0,85.1851851851852,0,0,0,0,0,0,0,0,91.6666666666667,0,48.1481481481481,0,4,0
"GTGM-NANANA-R-1111","WESTFLAT","MIEGLE_2020",131,4,4.58015267175572,10.6870229007634,15.2671755725191,24.4274809160305,11,47.0588235294118,34.3511450381679,1.52671755725191,1.52671755725191,93.1297709923664,1,0,0,8,22.9007633587786,37.4045801526718,69.4656488549618,0,64.7058823529412,0,31.2977099236641,1,2,0
"GTLL-431-S-1111","WESTFLAT","MIEGLE_2020",124,0,1.61290322580645,12.0967741935484,7.25806451612903,0,6,36.3636363636364,2.41935483870968,4.83870967741935,4.83870967741935,75,1,0,9.09090909090909,4,0,60.4838709677419,68.5483870967742,4.83870967741935,54.5454545454545,0,79.0322580645161,0,4,4.83870967741935
"GTLL-635-S-1111","WESTFLAT","MIEGLE_2020",96,2,33.3333333333333,5.20833333333333,23.9583333333333,3.125,18,18.5185185185185,33.3333333333333,17.7083333333333,17.7083333333333,58.3333333333333,4,0,7.40740740740741,5,3.125,7.29166666666667,10.4166666666667,1.04166666666667,66.6666666666667,0,33.3333333333333,1,9,2.08333333333333
"GXTL-5310-R-1111","WESTFLAT","MIEGLE_2020",112,1,1.78571428571429,5.35714285714286,73.2142857142857,0.892857142857143,8,5,7.14285714285714,25,25,74.1071428571429,11,0,35,1,1.78571428571429,0,0.892857142857143,4.46428571428571,40,0,28.5714285714286,3,16,10.7142857142857
"GXTL-537-R-1111","WESTFLAT","MIEGLE_2020",115,1,2.60869565217391,4.34782608695652,34.7826086956522,0.869565217391304,14,9.52380952380952,5.21739130434783,18.2608695652174,18.2608695652174,77.3913043478261,4,0,9.52380952380952,2,12.1739130434783,0.869565217391304,5.21739130434783,0,66.6666666666667,0,54.7826086956522,3,13,2.60869565217391
"GXTL-538-R-1111","WESTFLAT","MIEGLE_2020",110,1,4.54545454545455,5.45454545454545,26.3636363636364,0.909090909090909,16,9.09090909090909,9.09090909090909,8.18181818181818,8.18181818181818,90,4,0,13.6363636363636,2,11.8181818181818,0.909090909090909,3.63636363636364,0.909090909090909,72.7272727272727,0,50,1,13,5.45454545454545
"IKEG-437-R-1111","WESTFLAT","MIEGLE_2020",117,0,4.27350427350427,39.3162393162393,67.5213675213675,0,9,10,1.70940170940171,56.4102564102564,56.4102564102564,43.5897435897436,11,0,40,2,5.98290598290598,17.9487179487179,18.8034188034188,41.8803418803419,45,0,66.6666666666667,3,12,52.1367521367521
"IKEG-541-R-1111","WESTFLAT","MIEGLE_2020",108,0,5.55555555555556,10.1851851851852,85.1851851851852,0,4,4.16666666666667,0,49.0740740740741,49.0740740740741,46.2962962962963,16,0,58.3333333333333,1,15.7407407407407,0,1.85185185185185,8.33333333333333,16.6666666666667,0,17.5925925925926,5,16,37.037037037037
"IKEG-959-S-1111","WESTFLAT","MIEGLE_2020",118,0,9.32203389830508,16.9491525423729,94.0677966101695,0,4,0,12.7118644067797,76.271186440678,76.271186440678,22.8813559322034,20,0,56,0,19.4915254237288,0,0,21.1864406779661,16,0,24.5762711864407,6,21,54.2372881355932
"IKEG-NANANA-S-1111","WESTFLAT","MIEGLE_2020",123,0,4.0650406504065,9.75609756097561,94.3089430894309,0,5,0,8.94308943089431,82.9268292682927,82.9268292682927,15.4471544715447,17,0,52.1739130434783,0,43.0894308943089,0,0,11.3821138211382,21.7391304347826,0,17.8861788617886,5,20,65.8536585365854
"IKFH-337-X-1111","WESTFLAT","MIEGLE_2020",119,0,0,0,0,0,3,0,0,0,0,100,0,0,0,0,0,0,0,0,100,0,0,0,0,0
"IKFH-443-R-1111","WESTFLAT","MIEGLE_2020",123,0,1.6260162601626,3.2520325203252,95.1219512195122,0,9,0,0,17.0731707317073,17.0731707317073,79.6747967479675,8,0,26.3157894736842,0,11.3821138211382,0,0,3.2520325203252,47.3684210526316,0,6.50406504065041,3,14,14.6341463414634
"IKFH-531-X-1111","EAST","MIEGLE_2020",125,1,11.2,4.8,23.2,0.8,11,10.7142857142857,3.2,21.6,21.6,69.6,10,0,10.7142857142857,3,4.8,0.8,3.2,0.8,39.2857142857143,0,72,7,11,5.6
"IKFH-5310-X-1111","EAST","MIEGLE_2020",119,0,0.840336134453782,46.218487394958,46.218487394958,0,5,6.66666666666667,0,41.1764705882353,41.1764705882353,27.7310924369748,6,0,26.6666666666667,1,5.88235294117647,0,23.5294117647059,21.0084033613445,33.3333333333333,0,68.0672268907563,3,7,23.5294117647059
"IKFH-534-X-1111","WESTFLAT","MIEGLE_2020",118,1,16.9491525423729,2.54237288135593,33.0508474576271,0.847457627118644,14,4.16666666666667,6.77966101694915,35.5932203389831,35.5932203389831,67.7966101694915,6,0,4.16666666666667,1,2.54237288135593,0,0.847457627118644,0,58.3333333333333,0,63.5593220338983,4,9,5.93220338983051
"IKFH-535-X-1111","WESTFLAT","MIEGLE_2020",124,0,9.67741935483871,3.2258064516129,73.3870967741936,0,11,4,0,65.3225806451613,65.3225806451613,24.1935483870968,6,0,16,1,7.25806451612903,0,0.806451612903226,2.41935483870968,44,0,25.8064516129032,3,11,17.741935483871
"IKFH-536-X-1111","WESTFLAT","MIEGLE_2020",119,1,13.4453781512605,5.04201680672269,26.0504201680672,0.840336134453782,15,14.8148148148148,7.56302521008403,21.0084033613445,21.0084033613445,70.5882352941177,7,0,7.40740740740741,4,7.56302521008403,0.840336134453782,3.36134453781513,1.68067226890756,55.5555555555556,0,63.8655462184874,3,12,2.52100840336134
"IKFH-538-X-1111","WESTFLAT","MIEGLE_2020",124,1,4.03225806451613,20.9677419354839,47.5806451612903,0.806451612903226,15,12.9032258064516,4.83870967741935,43.5483870967742,43.5483870967742,50,12,0,19.3548387096774,4,15.3225806451613,0.806451612903226,8.06451612903226,12.9032258064516,48.3870967741936,0,64.5161290322581,6,17,25.8064516129032
"IKFH-539-X-1111","WESTFLAT","MIEGLE_2020",113,0,3.53982300884956,45.1327433628319,48.6725663716814,0,7,9.09090909090909,0.884955752212389,32.7433628318584,32.7433628318584,14.1592920353982,9,0,22.7272727272727,2,23.0088495575221,0,36.283185840708,8.84955752212389,31.8181818181818,0,58.4070796460177,4,12,19.4690265486726
"IKFH-555-R-1111","EAST","MIEGLE_2020",113,0,18.5840707964602,10.6194690265487,31.858407079646,0,17,9.375,23.8938053097345,4.42477876106195,4.42477876106195,73.4513274336283,4,0,15.625,3,7.9646017699115,0,4.42477876106195,0,53.125,0,49.5575221238938,3,11,5.30973451327434
"IKFH-646-R-1111","EAST","MIEGLE_2020",108,1,5.55555555555556,12.037037037037,17.5925925925926,0.925925925925926,9,16.6666666666667,33.3333333333333,45.3703703703704,45.3703703703704,42.5925925925926,9,0,27.7777777777778,3,0.925925925925926,1.85185185185185,14.8148148148148,12.037037037037,50,0,62.037037037037,2,8,12.037037037037
"IKFM-41010-S-1111","EAST","MIEGLE_2020",131,0,6.10687022900763,33.587786259542,78.6259541984733,0,9,0,27.4809160305344,44.2748091603053,44.2748091603053,51.9083969465649,6,0,16.6666666666667,0,2.29007633587786,0,0,6.10687022900763,50,0,22.9007633587786,2,12,3.81679389312977
"IKNG-434-X-1111","EAST","MIEGLE_2020",116,0,6.89655172413793,54.3103448275862,89.6551724137931,0,6,0,6.89655172413793,88.7931034482759,88.7931034482759,7.75862068965517,13,0,42.8571428571429,0,23.2758620689655,0,0,55.1724137931034,28.5714285714286,0,48.2758620689655,3,15,69.8275862068966
"IKNG-534-X-1111","EAST","MIEGLE_2020",119,0,10.9243697478992,42.8571428571429,59.6638655462185,0,6,0,2.52100840336134,54.6218487394958,54.6218487394958,39.4957983193277,6,0,22.2222222222222,0,0,0,0,46.218487394958,33.3333333333333,0,74.7899159663866,1,9,44.5378151260504
"IKNG-535-X-1111","EAST","MIEGLE_2020",108,0,12.037037037037,62.037037037037,78.7037037037037,0,5,4.54545454545455,6.48148148148148,75.9259259259259,75.9259259259259,15.7407407407407,12,0,31.8181818181818,1,0,0,1.85185185185185,53.7037037037037,22.7272727272727,0,62.962962962963,7,13,55.5555555555556
"IKNG-639-R-1111","EAST","MIEGLE_2020",118,0,14.4067796610169,20.3389830508475,85.593220338983,0,4,4.34782608695652,19.4915254237288,81.3559322033898,81.3559322033898,17.7966101694915,18,0,47.8260869565217,1,26.271186440678,0,0.847457627118644,33.8983050847458,17.3913043478261,0,34.7457627118644,3,19,65.2542372881356
"IKYK-454-R-1111","WESTFLAT","MIEGLE_2020",111,0,7.20720720720721,33.3333333333333,47.7477477477477,0,13,6.06060606060606,8.10810810810811,38.7387387387387,38.7387387387387,33.3333333333333,14,0,18.1818181818182,2,8.10810810810811,3.6036036036036,26.1261261261261,5.40540540540541,39.3939393939394,0,50.4504504504505,6,18,18.018018018018
"IKYK-532-R-1111","WESTFLAT","MIEGLE_2020",121,0,14.0495867768595,7.43801652892562,56.198347107438,0,13,3.2258064516129,8.26446280991735,42.1487603305785,42.1487603305785,48.7603305785124,11,0,22.5806451612903,1,7.43801652892562,0,1.65289256198347,2.47933884297521,41.9354838709677,0,38.0165289256198,6,17,25.6198347107438
"IKYK-574-R-1111","WESTFLAT","MIEGLE_2020",120,0,10,11.6666666666667,67.5,0,13,0,5,61.6666666666667,61.6666666666667,32.5,14,0,31.25,0,1.66666666666667,0,0,12.5,40.625,0,40,6,19,49.1666666666667
"IMHU-335-S-1111","EAST","MIEGLE_2020",128,0,14.0625,50.78125,96.875,0,3,5,0.78125,78.90625,78.90625,16.40625,13,0,50,1,9.375,0,0.78125,63.28125,15,0,61.71875,3,16,75
"ITME-445-X-1111","WESTFLAT","MIEGLE_2020",122,0,2.45901639344262,2.45901639344262,65.5737704918033,0,9,4.76190476190476,0,46.7213114754098,46.7213114754098,32.7868852459016,7,0,23.8095238095238,1,11.4754098360656,0,0.819672131147541,0,42.8571428571429,0,28.6885245901639,5,12,14.7540983606557
"ITME-511-X-1111","WESTFLAT","MIEGLE_2020",122,0,0.819672131147541,1.63934426229508,24.5901639344262,0,7,0,0,18.8524590163934,18.8524590163934,75.4098360655738,3,0,7.69230769230769,0,11.4754098360656,0,0,0,53.8461538461538,0,69.672131147541,3,6,4.0983606557377
"ITME-532-X-1111","WESTFLAT","MIEGLE_2020",127,0,7.08661417322835,7.08661417322835,46.4566929133858,0,10,3.84615384615385,6.2992125984252,42.5196850393701,42.5196850393701,45.6692913385827,9,0,15.3846153846154,1,0.78740157480315,0,6.2992125984252,0,38.4615384615385,0,48.0314960629921,6,13,9.44881889763779
"ITME-546-X-1111","WESTFLAT","MIEGLE_2020",116,0,5.17241379310345,37.0689655172414,37.9310344827586,0,8,9.52380952380952,2.58620689655172,31.0344827586207,31.0344827586207,30.1724137931034,8,0,28.5714285714286,2,0.862068965517241,0,33.6206896551724,4.31034482758621,38.0952380952381,0,61.2068965517241,3,12,10.3448275862069
"ITME-834-X-1111","WESTFLAT","MIEGLE_2020",114,0,2.63157894736842,18.4210526315789,43.859649122807,0,14,16.1290322580645,0,24.5614035087719,24.5614035087719,49.1228070175439,9,0,22.5806451612903,5,14.0350877192982,0,18.4210526315789,0.87719298245614,45.1612903225806,0,49.1228070175439,5,17,8.7719298245614
"ITME-835-X-1111","WESTFLAT","MIEGLE_2020",129,1,1.55038759689922,10.077519379845,20.9302325581395,11.6279069767442,8,9.52380952380952,11.6279069767442,15.5038759689922,15.5038759689922,65.8914728682171,9,0,19.047619047619,2,18.6046511627907,11.6279069767442,17.0542635658915,1.55038759689922,38.0952380952381,0,55.0387596899225,5,12,4.65116279069767
"ITME-837-X-1111","WESTFLAT","MIEGLE_2020",111,2,5.40540540540541,17.1171171171171,31.5315315315315,1.8018018018018,8,24,4.5045045045045,26.1261261261261,26.1261261261261,51.3513513513514,9,0,24,6,6.30630630630631,1.8018018018018,19.8198198198198,1.8018018018018,32,0,63.0630630630631,4,14,9.00900900900901
"ITME-8410-X-1111","WESTFLAT","MIEGLE_2020",115,3,7.82608695652174,25.2173913043478,31.304347826087,3.47826086956522,13,20.5882352941176,7.82608695652174,20,20,54.7826086956522,12,0,26.4705882352941,7,6.08695652173913,2.60869565217391,25.2173913043478,4.34782608695652,38.2352941176471,0,66.0869565217391,5,19,13.9130434782609
"ITME-843-X-1111","WESTFLAT","MIEGLE_2020",124,3,4.83870967741935,22.5806451612903,43.5483870967742,13.7096774193548,10,16,17.741935483871,25,25,34.6774193548387,8,0,24,4,19.3548387096774,12.9032258064516,29.8387096774194,1.61290322580645,40,0,46.7741935483871,5,16,11.2903225806452
"ITME-844-X-1111","WESTFLAT","MIEGLE_2020",109,2,7.3394495412844,5.5045871559633,53.2110091743119,10.0917431192661,10,15.625,12.8440366972477,41.2844036697248,41.2844036697248,34.8623853211009,12,0,25,5,15.5963302752294,9.1743119266055,16.5137614678899,0,31.25,0,32.1100917431193,9,20,11.9266055045872
"ITME-848-X-1111","WESTFLAT","MIEGLE_2020",108,1,2.77777777777778,44.4444444444444,25.9259259259259,4.62962962962963,14,19.047619047619,3.7037037037037,12.037037037037,12.037037037037,46.2962962962963,5,0,4.76190476190476,4,7.40740740740741,0.925925925925926,56.4814814814815,0,66.6666666666667,0,66.6666666666667,4,8,0.925925925925926
"ITME-849-X-1111","WESTFLAT","MIEGLE_2020",111,1,2.7027027027027,32.4324324324324,34.2342342342342,0.900900900900901,11,8.33333333333333,6.30630630630631,30.6306306306306,30.6306306306306,37.8378378378378,7,0,16.6666666666667,2,6.30630630630631,0,27.9279279279279,0,45.8333333333333,0,63.963963963964,5,12,9.90990990990991
"ITME-NA31-X-1111","WESTFLAT","MIEGLE_2020",113,1,2.65486725663717,8.84955752212389,15.0442477876106,0.884955752212389,10,20,0.884955752212389,6.19469026548673,6.19469026548673,81.4159292035398,3,0,5,4,14.1592920353982,0.884955752212389,7.07964601769912,0,50,0,73.4513274336283,2,7,4.42477876106195
"ITME-NA32-X-1111","WESTFLAT","MIEGLE_2020",127,2,3.93700787401575,3.1496062992126,14.9606299212598,3.93700787401575,10,25,5.51181102362205,4.7244094488189,4.7244094488189,81.8897637795276,4,0,10,5,22.0472440944882,3.93700787401575,7.08661417322835,0,50,0,74.8031496062992,4,9,1.5748031496063
"ITME-NA34-X-1111","WESTFLAT","MIEGLE_2020",121,1,4.95867768595041,37.1900826446281,24.7933884297521,0.826446280991736,10,14.8148148148148,10.7438016528926,23.9669421487603,23.9669421487603,35.5371900826446,9,0,11.1111111111111,4,10.7438016528926,0,38.8429752066116,1.65289256198347,37.037037037037,0,62.8099173553719,6,15,4.13223140495868
"ITME-NA35-X-1111","WESTFLAT","MIEGLE_2020",108,0,1.85185185185185,36.1111111111111,25,0,15,3.7037037037037,5.55555555555556,18.5185185185185,18.5185185185185,56.4814814814815,9,0,14.8148148148148,1,8.33333333333333,0,22.2222222222222,2.77777777777778,55.5555555555556,0,67.5925925925926,4,10,6.48148148148148
"ITME-NA37-X-1111","WESTFLAT","MIEGLE_2020",106,0,3.77358490566038,28.3018867924528,43.3962264150943,0,9,10.3448275862069,8.49056603773585,33.9622641509434,33.9622641509434,31.1320754716981,10,0,20.6896551724138,3,7.54716981132075,0,25.4716981132075,1.88679245283019,31.0344827586207,0,48.1132075471698,6,15,10.377358490566
"ITME-NA38-X-1111","WESTFLAT","MIEGLE_2020",241,2,2.9045643153527,22.8215767634855,36.9294605809129,0.829875518672199,16,11.6279069767442,4.9792531120332,21.9917012448133,21.9917012448133,46.0580912863071,12,0,20.9302325581395,5,14.5228215767635,0.4149377593361,22.4066390041494,1.2448132780083,37.2093023255814,0,41.49377593361,6,25,9.12863070539419
"ITME-NA39-X-1111","WESTFLAT","MIEGLE_2020",118,0,2.54237288135593,41.5254237288136,25.4237288135593,0,8,9.52380952380952,1.69491525423729,16.1016949152542,16.1016949152542,37.2881355932203,6,0,14.2857142857143,2,10.1694915254237,0,41.5254237288136,0,38.0952380952381,0,69.4915254237288,5,14,2.54237288135593
"ITME-NA43-X-1111","WESTFLAT","MIEGLE_2020",118,0,1.69491525423729,5.08474576271186,26.271186440678,0,16,7.69230769230769,0.847457627118644,15.2542372881356,15.2542372881356,80.5084745762712,6,0,11.5384615384615,2,9.32203389830508,0,2.54237288135593,0,61.5384615384615,0,69.4915254237288,3,13,6.77966101694915
"ITME-NANANA-X-1111","WESTFLAT","MIEGLE_2020",130,0,6.15384615384615,4.61538461538461,23.8461538461538,0,11,13.0434782608696,1.53846153846154,7.69230769230769,7.69230769230769,72.3076923076923,5,0,13.0434782608696,3,13.8461538461538,0,5.38461538461539,0,47.8260869565217,0,71.5384615384615,5,10,2.30769230769231
"ITQE-527-S-1111","WESTFLAT","MIEGLE_2020",110,0,19.0909090909091,19.0909090909091,79.0909090909091,0,12,3.33333333333333,10,67.2727272727273,67.2727272727273,26.3636363636364,11,0,23.3333333333333,1,10.9090909090909,0,0.909090909090909,23.6363636363636,40,0,26.3636363636364,3,15,54.5454545454545
"KDZK-4310-R-1111","EAST","MIEGLE_2020",127,0,7.08661417322835,3.93700787401575,75.5905511811024,0,12,0,5.51181102362205,66.1417322834646,66.1417322834646,28.3464566929134,16,0,28.125,0,12.5984251968504,0,0,3.1496062992126,37.5,0,18.1102362204724,7,20,28.3464566929134
"KDZK-434-R-1111","EAST","MIEGLE_2020",123,0,6.50406504065041,3.2520325203252,95.1219512195122,0,5,0,2.4390243902439,79.6747967479675,79.6747967479675,14.6341463414634,14,0,45.8333333333333,0,12.1951219512195,0,0,4.8780487804878,20.8333333333333,0,7.31707317073171,7,19,43.0894308943089
"KDZK-442-S-1111","EAST","MIEGLE_2020",125,0,4,7.2,96,0,5,0,1.6,58.4,58.4,39.2,11,0,42.1052631578947,0,8.8,0,0,8,26.3157894736842,0,8.8,5,14,53.6
"KDZK-738-R-1111","EAST","MIEGLE_2020",117,3,3.41880341880342,0,65.8119658119658,4.27350427350427,14,19.2307692307692,0.854700854700855,58.1196581196581,58.1196581196581,32.4786324786325,6,0,11.5384615384615,5,13.6752136752137,0.854700854700855,6.83760683760684,0,53.8461538461538,0,28.2051282051282,3,10,11.1111111111111
"KDZK-NANANA-R-1111","EAST","MIEGLE_2020",115,0,19.1304347826087,3.47826086956522,65.2173913043478,0,15,2.94117647058824,6.08695652173913,47.8260869565217,47.8260869565217,47.8260869565217,14,0,23.5294117647059,1,6.08695652173913,0,1.73913043478261,2.60869565217391,44.1176470588235,0,26.0869565217391,6,19,16.5217391304348
"LHNM-434-R-1111","EAST","MIEGLE_2020",111,0,11.7117117117117,39.6396396396396,66.6666666666667,0,17,9.67741935483871,27.027027027027,30.6306306306306,30.6306306306306,49.5495495495495,5,0,3.2258064516129,3,0,1.8018018018018,9.00900900900901,3.6036036036036,54.8387096774194,0,22.5225225225225,3,12,0.900900900900901
"LHNM-438-R-1111","EAST","MIEGLE_2020",97,0,6.18556701030928,52.5773195876289,40.2061855670103,0,9,21.4285714285714,20.6185567010309,1.03092783505155,1.03092783505155,65.979381443299,1,0,7.14285714285714,3,0,0,11.340206185567,0,64.2857142857143,0,3.09278350515464,1,4,1.03092783505155
"LMVE-384-S-1111","EAST","MIEGLE_2020",124,0,13.7096774193548,9.67741935483871,89.5161290322581,0,8,0,8.06451612903226,67.741935483871,67.741935483871,19.3548387096774,12,0,33.3333333333333,0,17.741935483871,0,0,13.7096774193548,33.3333333333333,0,14.5161290322581,6,18,54.0322580645161
"LPTG-535-R-1111","EAST","MIEGLE_2020",125,0,3.2,5.6,30.4,0,9,0,6.4,20,20,78.4,3,0,7.14285714285714,0,0.8,0,0,0,64.2857142857143,0,62.4,3,9,2.4
"LTOT-438-R-1111","EAST","MIEGLE_2020",127,0,4.7244094488189,29.9212598425197,68.503937007874,0,9,7.14285714285714,3.93700787401575,63.7795275590551,63.7795275590551,22.0472440944882,13,0,32.1428571428571,2,3.93700787401575,0,11.0236220472441,20.4724409448819,32.1428571428571,0,46.4566929133858,3,15,44.0944881889764
"LTOT-441-R-1111","EAST","MIEGLE_2020",121,0,9.91735537190083,21.4876033057851,81.8181818181818,0,7,8,5.78512396694215,80.1652892561983,80.1652892561983,14.8760330578512,16,0,48,2,19.8347107438017,0,1.65289256198347,25.6198347107438,28,0,29.7520661157025,4,17,64.4628099173554
"LTOT-442-R-1111","EAST","MIEGLE_2020",129,0,7.75193798449612,28.6821705426357,69.7674418604651,0,6,7.40740740740741,25.5813953488372,68.9922480620155,68.9922480620155,27.1317829457364,19,0,48.1481481481481,2,16.2790697674419,0,1.55038759689922,27.906976744186,22.2222222222222,0,48.8372093023256,6,19,53.4883720930233
"LTOT-449-R-1111","EAST","MIEGLE_2020",127,0,7.08661417322835,29.1338582677165,85.8267716535433,0,5,4,2.36220472440945,78.740157480315,78.740157480315,14.1732283464567,17,0,56,1,22.8346456692913,0,5.51181102362205,27.5590551181102,20,0,26.7716535433071,6,18,56.6929133858268
"LTOT-5109-S-1111","EAST","MIEGLE_2020",119,0,6.72268907563025,46.218487394958,59.6638655462185,0,3,5.55555555555556,1.68067226890756,58.8235294117647,58.8235294117647,3.36134453781513,13,0,55.5555555555556,1,13.4453781512605,0,36.9747899159664,15.1260504201681,16.6666666666667,0,43.6974789915966,1,14,52.1008403361345
"LTOT-537-S-1111","EAST","MIEGLE_2020",116,0,7.75862068965517,1.72413793103448,87.9310344827586,0,6,0,8.62068965517241,81.0344827586207,81.0344827586207,17.2413793103448,13,0,42.8571428571429,0,42.2413793103448,0,0,7.75862068965517,28.5714285714286,0,13.7931034482759,3,14,71.551724137931
"LTOT-547-R-1111","EAST","MIEGLE_2020",129,0,6.97674418604651,15.5038759689922,90.6976744186046,0,7,7.69230769230769,3.87596899224806,82.9457364341085,82.9457364341085,14.7286821705426,16,0,46.1538461538462,2,32.5581395348837,0.775193798449612,1.55038759689922,16.2790697674419,26.9230769230769,0,17.8294573643411,6,18,55.0387596899225
"LTOT-558-S-1111","EAST","MIEGLE_2020",113,0,7.9646017699115,3.53982300884956,95.5752212389381,0,6,0,6.19469026548673,84.9557522123894,84.9557522123894,15.0442477876106,15,0,52.3809523809524,0,15.929203539823,0,0,8.84955752212389,28.5714285714286,0,12.3893805309735,4,16,68.141592920354
"LTOT-NANANA-R-1111","EAST","MIEGLE_2020",122,0,16.3934426229508,19.672131147541,74.5901639344262,0,7,3.33333333333333,20.4918032786885,72.1311475409836,72.1311475409836,21.3114754098361,17,0,43.3333333333333,1,17.2131147540984,0,0.819672131147541,24.5901639344262,23.3333333333333,0,40.1639344262295,5,19,51.6393442622951
"LUIT-431-X-1111","EAST","MIEGLE_2020",120,0,2.5,2.5,74.1666666666667,0,7,0,3.33333333333333,69.1666666666667,69.1666666666667,23.3333333333333,8,0,25,0,5,0,0,0,35,0,24.1666666666667,7,10,11.6666666666667
"LUIT-5310-X-1111","EAST","MIEGLE_2020",109,0,7.3394495412844,0,55.9633027522936,0,9,4.76190476190476,1.8348623853211,38.5321100917431,38.5321100917431,44.0366972477064,7,0,4.76190476190476,1,11.9266055045872,0,3.6697247706422,0,42.8571428571429,0,35.7798165137615,6,12,8.25688073394495
"LUIT-534-X-1111","EAST","MIEGLE_2020",121,2,2.47933884297521,9.09090909090909,65.2892561983471,1.65289256198347,7,16.6666666666667,0.826446280991736,56.198347107438,56.198347107438,39.6694214876033,6,0,16.6666666666667,3,4.95867768595041,0,2.47933884297521,9.09090909090909,38.8888888888889,0,42.1487603305785,4,11,12.396694214876
"LUIT-537-X-1111","EAST","MIEGLE_2020",124,2,2.41935483870968,4.03225806451613,33.0645161290323,2.41935483870968,16,14.2857142857143,4.03225806451613,26.6129032258065,26.6129032258065,67.741935483871,6,0,10.7142857142857,4,0.806451612903226,0,4.03225806451613,3.2258064516129,57.1428571428571,0,64.5161290322581,5,13,4.83870967741935
"LUIT-538-X-1111","EAST","MIEGLE_2020",118,1,7.6271186440678,6.77966101694915,56.7796610169492,1.69491525423729,12,18.1818181818182,0.847457627118644,44.9152542372881,44.9152542372881,44.9152542372881,5,0,18.1818181818182,4,8.47457627118644,0,5.08474576271186,5.08474576271186,54.5454545454545,0,44.9152542372881,3,12,16.1016949152542
"LUIT-539-X-1111","EAST","MIEGLE_2020",117,2,9.4017094017094,4.27350427350427,47.8632478632479,1.70940170940171,9,18.1818181818182,4.27350427350427,28.2051282051282,28.2051282051282,60.6837606837607,6,0,13.6363636363636,4,1.70940170940171,0,3.41880341880342,3.41880341880342,40.9090909090909,0,53.8461538461538,3,15,5.98290598290598
"LUIT-635-X-1111","EAST","MIEGLE_2020",106,2,18.8679245283019,12.2641509433962,60.377358490566,1.88679245283019,10,11.5384615384615,1.88679245283019,32.0754716981132,32.0754716981132,44.3396226415094,8,0,23.0769230769231,3,4.71698113207547,0.943396226415094,2.83018867924528,9.43396226415094,38.4615384615385,0,43.3962264150943,4,16,12.2641509433962
"LUIT-636-X-1111","EAST","MIEGLE_2020",110,0,4.54545454545455,6.36363636363636,66.3636363636364,0,12,4.34782608695652,1.81818181818182,44.5454545454545,44.5454545454545,42.7272727272727,6,0,13.0434782608696,1,3.63636363636364,0,0.909090909090909,6.36363636363636,52.1739130434783,0,35.4545454545455,5,13,11.8181818181818
"MHPG-437-R-1111","EAST","MIEGLE_2020",118,0,11.864406779661,27.1186440677966,89.8305084745763,0,6,0,4.23728813559322,44.9152542372881,44.9152542372881,54.2372881355932,11,0,50,0,0.847457627118644,0,0,36.4406779661017,33.3333333333333,0,38.9830508474576,3,12,40.6779661016949
"MHPG-534-R-1111","EAST","MIEGLE_2020",106,2,7.54716981132075,10.377358490566,69.811320754717,1.88679245283019,10,21.0526315789474,4.71698113207547,16.0377358490566,16.0377358490566,76.4150943396226,6,0,31.5789473684211,4,1.88679245283019,2.83018867924528,5.66037735849057,15.0943396226415,52.6315789473684,0,31.1320754716981,1,8,16.0377358490566
"MHPG-7410-R-1111","EAST","MIEGLE_2020",118,1,12.7118644067797,5.08474576271186,77.1186440677966,3.38983050847458,12,10.5263157894737,14.4067796610169,52.5423728813559,52.5423728813559,21.1864406779661,16,0,26.3157894736842,4,44.9152542372881,3.38983050847458,5.93220338983051,6.77966101694915,31.5789473684211,0,14.4067796610169,4,22,40.6779661016949
"MNVD-536-R-1111","EAST","MIEGLE_2020",128,1,3.90625,0,80.46875,0.78125,12,11.7647058823529,1.5625,35.15625,35.15625,63.28125,3,0,5.88235294117647,2,1.5625,0.78125,1.5625,0,70.5882352941177,0,17.96875,1,6,0.78125
"MNVD-539-R-1111","EAST","MIEGLE_2020",122,1,8.19672131147541,9.83606557377049,72.1311475409836,0.819672131147541,17,7.14285714285714,15.5737704918033,31.1475409836066,31.1475409836066,53.2786885245902,4,0,3.57142857142857,2,2.45901639344262,0,9.83606557377049,0,60.7142857142857,0,25.4098360655738,2,14,0.819672131147541
"MNVD-6310-R-1111","EAST","MIEGLE_2020",117,2,11.965811965812,29.0598290598291,41.8803418803419,1.70940170940171,10,18.1818181818182,33.3333333333333,41.025641025641,41.025641025641,34.1880341880342,3,0,0,4,26.4957264957265,1.70940170940171,10.2564102564103,0,45.4545454545455,0,15.3846153846154,1,6,0
"MNVD-632-R-1111","EAST","MIEGLE_2020",132,3,0.757575757575758,10.6060606060606,28.030303030303,3.03030303030303,7,30.7692307692308,3.78787878787879,75.7575757575758,75.7575757575758,18.1818181818182,3,0,0,4,23.4848484848485,1.51515151515152,6.81818181818182,0,53.8461538461538,0,10.6060606060606,1,3,0
"NFHG-442-S-1111","EAST","MIEGLE_2020",116,0,6.89655172413793,9.48275862068965,90.5172413793103,0,8,3.33333333333333,9.48275862068965,62.0689655172414,62.0689655172414,35.3448275862069,19,0,46.6666666666667,1,18.9655172413793,0,0.862068965517241,12.9310344827586,26.6666666666667,0,16.3793103448276,6,21,39.6551724137931
"NFHG-463-R-1111","EAST","MIEGLE_2020",142,0,9.15492957746479,9.15492957746479,69.7183098591549,0,9,17.6470588235294,0,14.7887323943662,14.7887323943662,78.169014084507,5,0,29.4117647058824,3,5.63380281690141,0,3.52112676056338,13.3802816901408,52.9411764705882,0,33.0985915492958,1,8,14.7887323943662
"NFHG-511-S-1111","EAST","MIEGLE_2020",115,0,7.82608695652174,8.69565217391304,78.2608695652174,0,5,0,18.2608695652174,69.5652173913043,69.5652173913043,24.3478260869565,15,0,45.8333333333333,0,27.8260869565217,0,0,9.56521739130435,20.8333333333333,0,29.5652173913043,4,18,50.4347826086956
"NFHG-521-X-1111","EAST","MIEGLE_2020",110,0,3.63636363636364,12.7272727272727,58.1818181818182,0,12,9.67741935483871,7.27272727272727,28.1818181818182,28.1818181818182,55.4545454545455,10,0,19.3548387096774,3,16.3636363636364,1.81818181818182,3.63636363636364,0.909090909090909,38.7096774193548,0,33.6363636363636,5,19,15.4545454545455
"NFHG-522-X-1111","EAST","MIEGLE_2020",130,0,7.69230769230769,9.23076923076923,36.9230769230769,0,14,3.44827586206897,9.23076923076923,26.9230769230769,26.9230769230769,67.6923076923077,10,0,17.2413793103448,1,10,0,3.07692307692308,1.53846153846154,48.2758620689655,0,50.7692307692308,3,15,10.7692307692308
"NIVD-431-R-1111","EAST","MIEGLE_2020",106,3,14.1509433962264,11.3207547169811,12.2641509433962,16.0377358490566,14,40.9090909090909,4.71698113207547,0,0,80.188679245283,0,0,0,9,1.88679245283019,15.0943396226415,35.8490566037736,0,63.6363636363636,0,58.4905660377358,0,4,0
"NIVD-446-S-1111","EAST","MIEGLE_2020",128,2,0,0.78125,77.34375,8.59375,7,20,0.78125,0.78125,0.78125,96.09375,1,0,10,2,3.90625,0.78125,8.59375,0.78125,70,0,13.28125,0,4,0.78125
"NIVD-535-R-1111","EAST","MIEGLE_2020",111,2,9.00900900900901,5.40540540540541,77.4774774774775,3.6036036036036,15,9.09090909090909,14.4144144144144,38.7387387387387,38.7387387387387,52.2522522522523,11,0,18.1818181818182,3,17.1171171171171,1.8018018018018,5.40540540540541,0.900900900900901,45.4545454545455,0,18.018018018018,7,18,18.9189189189189
"NIVK-531-S-1111","EAST","MIEGLE_2020",106,2,3.77358490566038,11.3207547169811,29.2452830188679,4.71698113207547,16,21.0526315789474,1.88679245283019,3.77358490566038,3.77358490566038,96.2264150943396,3,0,15.7894736842105,4,27.3584905660377,0.943396226415094,14.1509433962264,3.77358490566038,84.2105263157895,0,64.1509433962264,0,7,3.77358490566038
"PBEE-448-R-1111","WESTSTEEP","MIEGLE_2020",117,0,4.27350427350427,20.5128205128205,29.9145299145299,0,7,15.7894736842105,18.8034188034188,41.025641025641,41.025641025641,55.5555555555556,8,0,31.5789473684211,3,0.854700854700855,36.7521367521367,39.3162393162393,21.3675213675214,36.8421052631579,0,66.6666666666667,1,9,23.0769230769231
"PBEE-559-R-1111","WESTSTEEP","MIEGLE_2020",83,0,8.43373493975904,27.710843373494,43.3734939759036,0,13,0,6.02409638554217,34.9397590361446,34.9397590361446,56.6265060240964,8,0,20,0,0,0,0,25.3012048192771,52,0,50.6024096385542,5,13,8.43373493975904
"PBKA-553-S-1111","WESTSTEEP","MIEGLE_2020",141,1,2.83687943262411,34.7517730496454,58.1560283687943,2.12765957446809,17,21.4285714285714,10.6382978723404,23.4042553191489,23.4042553191489,51.063829787234,6,0,3.57142857142857,6,20.5673758865248,0.709219858156028,26.241134751773,0.709219858156028,60.7142857142857,0,41.1347517730496,2,13,0.709219858156028
"PXLM-431-X-1111","WESTSTEEP","MIEGLE_2020",115,0,1.73913043478261,37.3913043478261,37.3913043478261,0,10,13.3333333333333,0,36.5217391304348,36.5217391304348,57.3913043478261,2,0,6.66666666666667,2,2.60869565217391,12.1739130434783,13.0434782608696,34.7826086956522,66.6666666666667,0,80,1,3,34.7826086956522
"PXLM-432-X-1111","WESTSTEEP","MIEGLE_2020",136,1,1.47058823529412,44.1176470588235,57.3529411764706,0.735294117647059,11,22.2222222222222,0.735294117647059,44.1176470588235,44.1176470588235,51.4705882352941,3,0,11.1111111111111,4,6.61764705882353,3.67647058823529,12.5,43.3823529411765,61.1111111111111,0,77.9411764705882,1,5,43.3823529411765
"PXLM-434-X-1111","WESTSTEEP","MIEGLE_2020",104,0,0,12.5,10.5769230769231,0,7,0,0,0,0,100,0,0,0,0,0,0,0,0,100,0,76.9230769230769,0,3,0
"PXLM-435-X-1111","WESTSTEEP","MIEGLE_2020",133,0,0,8.27067669172932,32.3308270676692,0,6,15.3846153846154,0,8.27067669172932,8.27067669172932,84.9624060150376,2,0,15.3846153846154,2,0,0,1.50375939849624,8.27067669172932,46.1538461538462,0,70.6766917293233,0,4,8.27067669172932
"PXLM-436-X-1111","WESTSTEEP","MIEGLE_2020",121,0,0,23.9669421487603,61.1570247933884,0,3,0,0,23.9669421487603,23.9669421487603,75.2066115702479,1,0,20,0,0,0,0,23.9669421487603,60,0,61.9834710743802,0,3,23.9669421487603
"PXLM-437-X-1111","WESTSTEEP","MIEGLE_2020",117,0,4.27350427350427,25.6410256410256,75.2136752136752,0,8,13.3333333333333,3.41880341880342,25.6410256410256,25.6410256410256,62.3931623931624,3,0,13.3333333333333,2,0,0.854700854700855,1.70940170940171,23.9316239316239,53.3333333333333,0,40.1709401709402,1,6,23.9316239316239
"PXLM-438-X-1111","WESTSTEEP","MIEGLE_2020",118,2,0,15.2542372881356,79.6610169491525,2.54237288135593,6,18.1818181818182,3.38983050847458,15.2542372881356,15.2542372881356,75.4237288135593,3,0,9.09090909090909,2,0.847457627118644,0.847457627118644,2.54237288135593,12.7118644067797,54.5454545454545,0,22.0338983050847,2,4,12.7118644067797
"PXLM-439-X-1111","WESTSTEEP","MIEGLE_2020",137,0,2.91970802919708,0.72992700729927,5.10948905109489,0,7,40,0,0,0,95.6204379562044,0,0,0,4,2.91970802919708,0,13.1386861313869,0,70,0,75.9124087591241,0,1,0
"PXLM-443-X-1111","WESTSTEEP","MIEGLE_2020",119,1,4.20168067226891,16.8067226890756,58.8235294117647,1.68067226890756,8,23.5294117647059,3.36134453781513,11.7647058823529,11.7647058823529,78.1512605042017,3,0,23.5294117647059,4,1.68067226890756,5.04201680672269,10.9243697478992,9.2436974789916,47.0588235294118,0,47.0588235294118,1,6,10.9243697478992
"PXLM-447-R-1111","WESTSTEEP","MIEGLE_2020",111,0,9.00900900900901,28.8288288288288,42.3423423423423,0,12,18.1818181818182,1.8018018018018,25.2252252252252,25.2252252252252,67.5675675675676,5,0,13.6363636363636,4,9.00900900900901,0.900900900900901,9.00900900900901,22.5225225225225,54.5454545454545,0,69.3693693693694,2,6,22.5225225225225
"PXLM-NANANA-X-1111","WESTSTEEP","MIEGLE_2020",121,0,1.65289256198347,21.4876033057851,47.9338842975207,0,5,0,1.65289256198347,22.3140495867769,22.3140495867769,78.5123966942149,3,0,14.2857142857143,0,0,0,0,20.6611570247934,71.4285714285714,0,71.900826446281,1,4,20.6611570247934
"RHNZ-765-S-1111","WESTSTEEP","MIEGLE_2020",114,0,0.87719298245614,3.50877192982456,92.9824561403509,0,3,3.84615384615385,7.89473684210526,71.0526315789474,71.0526315789474,22.8070175438597,18,0,38.4615384615385,1,40.3508771929825,0,0.87719298245614,2.63157894736842,11.5384615384615,0,7.89473684210526,7,21,51.7543859649123
"SXDB-534-X-1111","WESTSTEEP","MIEGLE_2020",114,1,9.64912280701754,43.859649122807,76.3157894736842,0.87719298245614,16,11.7647058823529,21.0526315789474,44.7368421052632,44.7368421052632,42.1052631578947,11,0,20.5882352941176,4,21.0526315789474,0.87719298245614,5.26315789473684,28.0701754385965,47.0588235294118,0,42.9824561403509,4,17,38.5964912280702
"SXDB-634-X-1111","WESTSTEEP","MIEGLE_2020",110,2,23.6363636363636,22.7272727272727,46.3636363636364,1.81818181818182,15,20.5882352941176,21.8181818181818,38.1818181818182,38.1818181818182,51.8181818181818,11,0,11.7647058823529,7,5.45454545454545,8.18181818181818,20.9090909090909,19.0909090909091,44.1176470588235,0,56.3636363636364,4,11,20.9090909090909
"TGMB-434-S-1111","MIDSIZEDRY","MIEGLE_2020",128,0,3.125,25.78125,87.5,0,8,0,12.5,75.78125,75.78125,23.4375,16,0,36,0,23.4375,0,0,27.34375,32,0,29.6875,5,19,53.125
"TMDB-336-X-1111","MIDSIZEDRY","MIEGLE_2020",121,1,4.13223140495868,10.7438016528926,30.5785123966942,0.826446280991736,17,4.54545454545455,14.8760330578512,10.7438016528926,10.7438016528926,80.1652892561983,4,0,4.54545454545455,1,11.5702479338843,0.826446280991736,0.826446280991736,0,77.2727272727273,0,48.7603305785124,3,7,8.26446280991735
"TMDB-434-X-1111","MIDSIZEDRY","MIEGLE_2020",116,0,1.72413793103448,20.6896551724138,67.2413793103448,0,12,5,18.1034482758621,35.3448275862069,35.3448275862069,56.0344827586207,6,0,10,1,7.75862068965517,0,0.862068965517241,2.58620689655172,60,0,28.448275862069,4,12,4.31034482758621
"TMDB-435-X-1111","MIDSIZEDRY","MIEGLE_2020",125,0,0,0,1.6,0,12,7.69230769230769,4.8,0,0,99.2,0,0,0,1,0.8,0,5.6,0,92.3076923076923,0,61.6,0,2,0
"TMDB-437-R-1111","MIDSIZEDRY","MIEGLE_2020",118,0,5.08474576271186,6.77966101694915,72.0338983050847,0,13,3.7037037037037,3.38983050847458,51.6949152542373,51.6949152542373,43.2203389830508,10,0,22.2222222222222,1,5.93220338983051,0,0.847457627118644,5.08474576271186,48.1481481481481,0,31.3559322033898,6,18,27.1186440677966
"TMDB-439-R-1111","MIDSIZEDRY","MIEGLE_2020",122,0,0.819672131147541,16.3934426229508,23.7704918032787,0,9,0,9.01639344262295,8.19672131147541,8.19672131147541,87.7049180327869,4,0,11.7647058823529,0,1.63934426229508,0,0,4.0983606557377,52.9411764705882,0,67.2131147540984,3,10,4.91803278688525
"TMDB-635-R-1111","MIDSIZEDRY","MIEGLE_2020",114,0,3.50877192982456,4.3859649122807,78.0701754385965,0,9,13.0434782608696,3.50877192982456,57.8947368421053,57.8947368421053,24.5614035087719,7,0,17.3913043478261,3,0,0,3.50877192982456,1.75438596491228,39.1304347826087,0,15.7894736842105,3,11,13.1578947368421
"TMDB-636-R-1111","MIDSIZEDRY","MIEGLE_2020",111,1,0.900900900900901,3.6036036036036,77.4774774774775,2.7027027027027,8,15,2.7027027027027,49.5495495495495,49.5495495495495,21.6216216216216,8,0,30,3,3.6036036036036,2.7027027027027,4.5045045045045,2.7027027027027,40,0,22.5225225225225,4,11,16.2162162162162
"TUIZ-537-R-1111","MIDSIZEDRY","MIEGLE_2020",124,0,10.4838709677419,49.1935483870968,38.7096774193548,0,18,19.047619047619,18.5483870967742,4.03225806451613,4.03225806451613,96.7741935483871,2,0,0,4,0,6.45161290322581,52.4193548387097,0,85.7142857142857,0,50,1,6,0
"UBKW-4310-R-1111","MIDSIZEDRY","MIEGLE_2020",132,0,5.3030303030303,2.27272727272727,3.78787878787879,0,13,5.55555555555556,3.03030303030303,1.51515151515152,1.51515151515152,93.9393939393939,1,0,5.55555555555556,1,12.8787878787879,0.757575757575758,0.757575757575758,0,72.2222222222222,0,90.1515151515152,1,4,0.757575757575758
"UKXM-434-R-1111","MIDSIZEDRY","MIEGLE_2020",120,0,7.5,33.3333333333333,72.5,0,15,6.66666666666667,33.3333333333333,32.5,32.5,64.1666666666667,11,0,23.3333333333333,2,11.6666666666667,2.5,3.33333333333333,5,50,0,25,5,17,10
"UKXM-436-R-1111","MIDSIZEDRY","MIEGLE_2020",127,1,5.51181102362205,70.0787401574803,87.4015748031496,3.1496062992126,11,10.5263157894737,1.5748031496063,75.5905511811024,75.5905511811024,23.6220472440945,7,0,31.5789473684211,2,3.93700787401575,1.5748031496063,4.7244094488189,73.2283464566929,57.8947368421053,0,70.0787401574803,2,11,66.9291338582677
"UKXM-4410-R-1111","MIDSIZEDRY","MIEGLE_2020",111,0,26.1261261261261,31.5315315315315,49.5495495495495,0,10,8.33333333333333,10.8108108108108,27.9279279279279,27.9279279279279,55.8558558558559,4,0,4.16666666666667,2,0,6.30630630630631,7.20720720720721,22.5225225225225,41.6666666666667,0,41.4414414414414,2,10,0.900900900900901
"UKXM-NANANA-R-1111","MIDSIZEDRY","MIEGLE_2020",116,0,6.89655172413793,11.2068965517241,52.5862068965517,0,10,7.40740740740741,9.48275862068965,68.1034482758621,68.1034482758621,25,13,0,25.9259259259259,2,51.7241379310345,1.72413793103448,2.58620689655172,6.03448275862069,37.037037037037,0,48.2758620689655,6,18,14.6551724137931
"URGN-5310-R-1111","MIDSIZEDRY","MIEGLE_2020",115,3,20,0,20.8695652173913,2.60869565217391,18,17.8571428571429,28.695652173913,3.47826086956522,3.47826086956522,46.0869565217391,3,0,0,5,15.6521739130435,2.60869565217391,40,0,64.2857142857143,0,65.2173913043478,3,8,0
"URGN-634-R-1111","MIDSIZEDRY","MIEGLE_2020",111,0,23.4234234234234,4.5045045045045,35.1351351351351,0,13,10,25.2252252252252,6.30630630630631,6.30630630630631,58.5585585585586,3,0,5,2,8.10810810810811,1.8018018018018,30.6306306306306,0,65,0,57.6576576576577,1,9,1.8018018018018
"URGN-639-R-1111","MIDSIZEDRY","MIEGLE_2020",115,0,9.56521739130435,15.6521739130435,37.3913043478261,0,13,0,12.1739130434783,5.21739130434783,5.21739130434783,93.9130434782609,2,0,0,0,13.0434782608696,0,0,0,81.25,0,44.3478260869565,2,9,0
"UTVD-434-R-1111","MIDSIZEDRY","MIEGLE_2020",123,1,35.7723577235772,1.6260162601626,4.8780487804878,39.8373983739837,10,15.3846153846154,42.2764227642276,3.2520325203252,3.2520325203252,94.3089430894309,1,0,0,2,39.8373983739837,39.8373983739837,40.650406504065,0,76.9230769230769,0,47.9674796747967,1,3,0
"UTVD-438-R-1111","MIDSIZEDRY","MIEGLE_2020",117,0,5.12820512820513,7.69230769230769,58.1196581196581,0,4,11.1111111111111,0,48.7179487179487,48.7179487179487,44.4444444444444,3,0,11.1111111111111,1,0,0,5.12820512820513,0,44.4444444444444,0,37.6068376068376,3,5,1.70940170940171
"UTVD-444-R-1111","MIDSIZEDRY","MIEGLE_2020",132,0,9.09090909090909,21.2121212121212,39.3939393939394,0,10,12.5,25.7575757575758,5.3030303030303,5.3030303030303,77.2727272727273,2,0,6.25,2,0,0,20.4545454545455,0,62.5,0,40.1515151515151,2,7,0.757575757575758
"UXED-432-R-1111","MIDSIZEDRY","MIEGLE_2020",126,2,22.2222222222222,15.8730158730159,65.0793650793651,1.58730158730159,12,11.4285714285714,7.14285714285714,42.8571428571429,42.8571428571429,33.3333333333333,15,0,28.5714285714286,4,23.015873015873,2.38095238095238,3.17460317460317,7.93650793650794,34.2857142857143,0,42.8571428571429,7,23,22.2222222222222
"UXED-636-R-1111","MIDSIZEDRY","MIEGLE_2020",111,0,0.900900900900901,0,79.2792792792793,0,7,6.66666666666667,0,62.1621621621622,62.1621621621622,29.7297297297297,7,0,33.3333333333333,1,6.30630630630631,0,0.900900900900901,0,46.6666666666667,0,20.7207207207207,5,10,7.20720720720721
"UXED-638-R-1111","MIDSIZEDRY","MIEGLE_2020",120,0,1.66666666666667,7.5,79.1666666666667,0,7,4.54545454545455,0.833333333333333,62.5,62.5,22.5,9,0,27.2727272727273,1,5.83333333333333,0,0.833333333333333,0,31.8181818181818,0,25.8333333333333,7,16,15.8333333333333
"UXED-NANANA-R-1111","MIDSIZEDRY","MIEGLE_2020",129,1,0.775193798449612,3.10077519379845,62.7906976744186,0.775193798449612,6,5.88235294117647,0,60.4651162790698,60.4651162790698,37.2093023255814,8,0,29.4117647058824,1,3.87596899224806,0,0.775193798449612,0,35.2941176470588,0,36.4341085271318,6,10,7.75193798449612
"VAKB-438-R-1111","MIDSIZEDRY","MIEGLE_2020",118,1,4.23728813559322,2.54237288135593,44.0677966101695,1.69491525423729,15,7.40740740740741,10.1694915254237,5.93220338983051,5.93220338983051,72.0338983050847,5,0,7.40740740740741,2,27.1186440677966,1.69491525423729,4.23728813559322,0,55.5555555555556,0,50,2,15,1.69491525423729
"VHGH-434-R-1111","MIDSIZEDRY","MIEGLE_2020",135,0,0.740740740740741,31.1111111111111,7.40740740740741,0,3,20,0,5.92592592592593,5.92592592592593,60.7407407407407,4,0,20,2,2.96296296296296,59.2592592592593,90.3703703703704,0,30,0,91.8518518518518,4,5,2.22222222222222
"VHGH-555-R-1111","MIDSIZEDRY","MIEGLE_2020",114,1,2.63157894736842,14.9122807017544,28.9473684210526,1.75438596491228,13,29.4117647058824,16.6666666666667,8.7719298245614,8.7719298245614,88.5964912280702,1,0,0,5,0,0,5.26315789473684,0,76.4705882352941,0,64.0350877192982,1,4,0
"VHGH-645-R-1111","MIDSIZEDRY","MIEGLE_2020",118,0,0.847457627118644,5.93220338983051,29.6610169491525,0,11,14.2857142857143,11.0169491525424,20.3389830508475,20.3389830508475,73.728813559322,4,0,4.76190476190476,3,1.69491525423729,0,2.54237288135593,2.54237288135593,52.3809523809524,0,54.2372881355932,2,9,2.54237288135593
"VHKL-435-S-1111","MIDSIZEDRY","MIEGLE_2020",116,0,4.31034482758621,30.1724137931034,87.0689655172414,0,9,11.7647058823529,6.03448275862069,31.8965517241379,31.8965517241379,62.9310344827586,5,0,23.5294117647059,2,2.58620689655172,0,3.44827586206897,25,52.9411764705882,0,40.5172413793103,2,8,26.7241379310345
"VHKL-NANANA-S-1111","MIDSIZEDRY","MIEGLE_2020",116,0,4.31034482758621,25,87.9310344827586,0,9,14.2857142857143,0.862068965517241,29.3103448275862,29.3103448275862,62.9310344827586,6,0,23.8095238095238,3,4.31034482758621,0,6.03448275862069,23.2758620689655,42.8571428571429,0,28.448275862069,2,10,28.448275862069
"VTMH-4310-X-1111","MIDSIZEDRY","MIEGLE_2020",127,0,16.5354330708661,11.8110236220472,55.9055118110236,0,17,9.52380952380952,10.2362204724409,7.8740157480315,7.8740157480315,88.1889763779528,3,0,0,2,0,0,4.7244094488189,0,80.9523809523809,0,37.007874015748,0,7,0
"VTMH-534-X-1111","MIDSIZEDRY","MIEGLE_2020",143,0,6.29370629370629,2.7972027972028,17.4825174825175,0,23,6.66666666666667,3.4965034965035,6.99300699300699,6.99300699300699,87.4125874125874,6,0,6.66666666666667,2,6.29370629370629,0.699300699300699,4.89510489510489,0.699300699300699,76.6666666666667,0,72.027972027972,4,11,2.0979020979021
"VTMH-535-X-1111","MIDSIZEDRY","MIEGLE_2020",148,1,12.1621621621622,0,18.9189189189189,0.675675675675676,22,6.25,6.75675675675676,10.8108108108108,10.8108108108108,82.4324324324324,6,0,6.25,2,4.72972972972973,0,5.40540540540541,0,68.75,0,68.2432432432432,3,11,2.02702702702703
"VTMH-536-X-1111","MIDSIZEDRY","MIEGLE_2020",137,0,8.75912408759124,0,32.1167883211679,0,15,8.33333333333333,3.64963503649635,13.1386861313869,13.1386861313869,82.4817518248175,5,0,0,2,2.91970802919708,0,8.75912408759124,0,62.5,0,56.2043795620438,3,8,0
"VTMH-537-X-1111","MIDSIZEDRY","MIEGLE_2020",113,1,8.84955752212389,1.76991150442478,17.6991150442478,0.884955752212389,18,13.6363636363636,2.65486725663717,0.884955752212389,0.884955752212389,94.6902654867257,1,0,0,3,1.76991150442478,2.65486725663717,9.73451327433628,0,81.8181818181818,0,66.3716814159292,1,6,0
"VTMH-538-X-1111","MIDSIZEDRY","MIEGLE_2020",127,0,5.51181102362205,2.36220472440945,18.1102362204724,0,15,18.75,3.93700787401575,1.5748031496063,1.5748031496063,95.2755905511811,1,0,0,3,0,0,26.7716535433071,0,93.75,0,57.4803149606299,0,3,0
"VTMH-539-X-1111","MIDSIZEDRY","MIEGLE_2020",126,1,12.6984126984127,30.952380952381,54.7619047619048,0.793650793650794,13,17.6470588235294,3.17460317460317,0.793650793650794,0.793650793650794,85.7142857142857,1,0,0,3,0.793650793650794,0,27.7777777777778,0,76.4705882352941,0,26.1904761904762,0,5,0
"WHNU-436-R-1111","MIDSIZEDRY","MIEGLE_2020",122,0,8.19672131147541,22.1311475409836,85.2459016393443,0,9,0,6.55737704918033,72.9508196721311,72.9508196721311,22.1311475409836,8,0,30,0,40.1639344262295,0,0,26.2295081967213,45,0,31.1475409836066,3,10,66.3934426229508
"WHNU-442-R-1111","MIDSIZEDRY","MIEGLE_2020",115,0,10.4347826086957,8.69565217391304,73.0434782608696,0,12,4.34782608695652,1.73913043478261,14.7826086956522,14.7826086956522,78.2608695652174,7,0,26.0869565217391,1,3.47826086956522,0,1.73913043478261,6.95652173913043,52.1739130434783,0,29.5652173913043,2,10,11.304347826087
"WHNU-446-R-1111","MIDSIZEDRY","MIEGLE_2020",115,0,4.34782608695652,5.21739130434783,33.0434782608696,0,15,0,0.869565217391304,13.0434782608696,13.0434782608696,83.4782608695652,4,0,17.3913043478261,0,12.1739130434783,0,0,2.60869565217391,65.2173913043478,0,65.2173913043478,2,11,13.0434782608696
"WHNU-541-R-1111","NARROW","MIEGLE_2020",115,0,5.21739130434783,4.34782608695652,77.3913043478261,0,10,0,0.869565217391304,40,40,53.0434782608696,12,0,33.3333333333333,0,12.1739130434783,0,0,4.34782608695652,37.037037037037,0,23.4782608695652,4,16,29.5652173913043
"WHNU-554-R-1111","NARROW","MIEGLE_2020",107,0,0.934579439252336,10.2803738317757,53.2710280373832,0,12,13.0434782608696,0,40.1869158878505,40.1869158878505,54.2056074766355,7,0,21.7391304347826,3,4.67289719626168,0,5.60747663551402,7.47663551401869,52.1739130434783,0,50.4672897196262,3,11,29.9065420560748
"WHNU-558-R-1111","NARROW","MIEGLE_2020",121,1,1.65289256198347,5.78512396694215,57.8512396694215,17.3553719008264,12,14.2857142857143,1.65289256198347,6.61157024793388,6.61157024793388,65.2892561983471,3,0,4.76190476190476,3,19.0082644628099,0,23.1404958677686,0,57.1428571428571,0,19.0082644628099,3,12,0.826446280991736
"WHNU-642-R-1111","NARROW","MIEGLE_2020",106,1,4.71698113207547,9.43396226415094,47.1698113207547,0.943396226415094,12,12,8.49056603773585,39.622641509434,39.622641509434,36.7924528301887,8,0,20,3,8.49056603773585,0.943396226415094,21.6981132075472,3.77358490566038,48,0,32.0754716981132,2,14,19.811320754717
"XOBM-656-R-1111","NARROW","MIEGLE_2020",110,0,0.909090909090909,5.45454545454545,85.4545454545455,0,9,0,7.27272727272727,74.5454545454545,74.5454545454545,20.9090909090909,11,0,34.7826086956522,0,9.09090909090909,0,0,2.72727272727273,39.1304347826087,0,15.4545454545455,4,17,46.3636363636364
"YBFB-5310-S-1111","NARROW","MIEGLE_2020",131,0,9.16030534351145,19.8473282442748,87.7862595419847,0,6,0,9.16030534351145,36.6412213740458,36.6412213740458,62.5954198473282,10,0,52.9411764705882,0,6.87022900763359,0,0,26.7175572519084,35.2941176470588,0,35.1145038167939,2,10,35.1145038167939
"YNKG-434-S-1111","NARROW","MIEGLE_2020",124,0,7.25806451612903,16.1290322580645,91.1290322580645,0,11,3.57142857142857,3.2258064516129,68.5483870967742,68.5483870967742,21.7741935483871,14,0,42.8571428571429,1,18.5483870967742,0,3.2258064516129,19.3548387096774,39.2857142857143,0,20.9677419354839,3,21,65.3225806451613
"ZBEU-434-X-1111","NARROW","MIEGLE_2020",118,0,21.1864406779661,4.23728813559322,41.5254237288136,0,7,6.66666666666667,3.38983050847458,38.135593220339,38.135593220339,56.7796610169492,6,0,26.6666666666667,1,40.6779661016949,0,0.847457627118644,19.4915254237288,46.6666666666667,0,55.9322033898305,2,8,34.7457627118644
"ZBEU-634-X-1111","NARROW","MIEGLE_2020",118,0,26.271186440678,2.54237288135593,67.7966101694915,0,15,0,4.23728813559322,50.8474576271186,50.8474576271186,38.9830508474576,8,0,13.7931034482759,0,10.1694915254237,0,0,24.5762711864407,51.7241379310345,0,29.6610169491525,2,18,34.7457627118644
"ZXHK-432-R-1111","NARROW","MIEGLE_2020",133,0,14.2857142857143,53.3834586466165,81.203007518797,0,10,3.7037037037037,9.02255639097744,68.4210526315789,68.4210526315789,25.5639097744361,13,0,33.3333333333333,1,1.50375939849624,0,0.75187969924812,57.1428571428571,37.037037037037,0,70.6766917293233,5,15,63.9097744360902
