"SAMPLEID","INDEX_REGION","INDEX_NAME","ni_total","nt_CruMol","pi_ffg_pred","pi_ffg_shred","pi_habit_cling","pi_CruMol","nt_tv_toler","pt_NonIns","pi_habit_climb","pi_EPT","pi_EPTNoBaeHydro","pi_tv_toler","nt_EPT","pi_Cru","pt_tv_intol","nt_NonIns","pi_ffg_scrap","pi_IsopGastHiru","pi_NonIns","pi_Pleco","pt_tv_toler","pi_ffg_col","pi_habit_sprawl","nt_Trich","nt_habit_cling","pi_tv_intol","SC_nt_CruMol","SC_pi_ffg_pred","SC_pi_ffg_shred","SC_pi_habit_cling","SC_pi_CruMol","SC_nt_tv_toler","SC_pt_NonIns","SC_pi_habit_climb","SC_pi_EPT","SC_pi_EPTNoBaeHydro","SC_pi_tv_toler","SC_nt_EPT","SC_pi_Cru","SC_pt_tv_intol","SC_nt_NonIns","SC_pi_ffg_scrap","SC_pi_IsopGastHiru","SC_pi_NonIns","SC_pi_Pleco","SC_pt_tv_toler","SC_pi_ffg_col","SC_pi_habit_sprawl","SC_nt_Trich","SC_nt_habit_cling","SC_pi_tv_intol","sum_Index","Index","Index_Nar"
"CHGX-432-S-1111","NARROW","MIEGLE_2020",95,0,2.10526315789474,40,83.1578947368421,0,5,5,32.6315789473684,65.2631578947368,24.2105263157895,29.4736842105263,10,0,30,1,9.47368421052632,0,1.05263157894737,14.7368421052632,25,0,28.4210526315789,6,14,23.1578947368421,NA,NA,22.9276182773959,NA,NA,NA,100,0,86.8262168272155,NA,0,NA,NA,NA,NA,NA,NA,NA,NA,NA,NA,NA,NA,NA,NA,209.753835104611,41.9507670209223,"Degraded"
"CHGX-435-R-1111","NARROW","MIEGLE_2020",119,1,16.8067226890756,8.40336134453782,32.7731092436975,2.52100840336134,14,11.7647058823529,7.56302521008403,19.327731092437,0,78.9915966386555,2,0,0,2,2.52100840336134,2.52100840336134,4.20168067226891,0,82.3529411764706,0,51.2605042016807,2,6,0,NA,NA,86.8108343215976,NA,NA,NA,86.1915966386555,60.2488920305255,7.58621889328441,NA,0,NA,NA,NA,NA,NA,NA,NA,NA,NA,NA,NA,NA,NA,NA,240.837541884063,48.1675083768126,"Degraded"
"CHGX-537-R-1111","VERYNARROW","MIEGLE_2020",121,1,5.78512396694215,7.43801652892562,67.7685950413223,0.826446280991736,11,3.44827586206897,14.8760330578512,49.5867768595041,20.6611570247934,36.3636363636364,10,0,17.2413793103448,1,9.91735537190083,0.826446280991736,0.826446280991736,0,37.9310344827586,0,26.4462809917355,6,18,15.702479338843,NA,NA,91.2517666443345,93.5315879235857,NA,NA,100,NA,NA,NA,NA,60.4743083003953,100,25.792152956122,NA,NA,NA,NA,NA,NA,NA,NA,NA,NA,NA,471.049815824437,78.5083026374062,"Very good"
"CHGX-546-R-1111","VERYNARROW","MIEGLE_2020",129,0,9.30232558139535,3.10077519379845,75.1937984496124,0,11,11.1111111111111,17.0542635658915,54.2635658914729,19.3798449612403,24.8062015503876,8,0,25.9259259259259,3,8.52713178294574,0.775193798449612,5.42635658914729,0,40.7407407407407,0,19.3798449612403,6,16,20.9302325581395,NA,NA,97.4637994932706,100,NA,NA,98.5766106773914,NA,NA,NA,NA,44.6640316205534,100,48.8097692179325,NA,NA,NA,NA,NA,NA,NA,NA,NA,NA,NA,489.514211009148,81.585701834858,"Very good"
"CHGX-648-S-1111","VERYNARROW","MIEGLE_2020",116,1,2.58620689655172,1.72413793103448,68.9655172413793,0.862068965517241,9,11.1111111111111,27.5862068965517,63.7931034482759,24.1379310344828,29.3103448275862,13,0,29.6296296296296,3,12.0689655172414,0.862068965517241,2.58620689655172,0.862068965517241,33.3333333333333,0,29.3103448275862,8,16,23.2758620689655,NA,NA,99.4354942265333,95.2946195925458,NA,NA,98.5766106773914,NA,NA,NA,NA,84.1897233201581,100,58.6261055648811,NA,NA,NA,NA,NA,NA,NA,NA,NA,NA,NA,536.12255338151,89.3537588969183,"Very good"
"EBUX-435-S-1111","VERYNARROW","MIEGLE_2020",137,0,12.4087591240876,13.8686131386861,71.5328467153285,0,11,2.7027027027027,10.9489051094891,59.8540145985401,42.3357664233577,27.007299270073,15,0,27.027027027027,1,9.48905109489051,0,0.72992700729927,13.1386861313869,29.7297297297297,0,31.3868613138686,5,25,43.0656934306569,NA,NA,82.0415165587423,99.076221410117,NA,NA,100,NA,NA,NA,NA,100,100,51.7281394832415,NA,NA,NA,NA,NA,NA,NA,NA,NA,NA,NA,532.845877452101,88.8076462420168,"Very good"
"EBUX-534-X-1111","VERYNARROW","MIEGLE_2020",116,0,1.72413793103448,47.4137931034483,69.8275862068966,0,13,5.26315789473684,48.2758620689655,13.7931034482759,6.03448275862069,81.0344827586207,4,0,10.5263157894737,1,3.44827586206897,0,0.862068965517241,0,68.4210526315789,0,25.8620689655172,4,10,6.03448275862069,NA,NA,33.9962860162586,96.564422163642,NA,NA,100,NA,NA,NA,NA,13.0434782608696,100,7.99447598588308,NA,NA,NA,NA,NA,NA,NA,NA,NA,NA,NA,351.598662426653,58.5997770711089,"Good"
"EBUX-535-X-1111","VERYNARROW","MIEGLE_2020",119,0,4.20168067226891,8.40336134453782,26.890756302521,0,14,4,7.56302521008403,16.8067226890756,10.9243697478992,78.9915966386555,7,0,12,1,0.840336134453782,0,2.52100840336134,0,56,0,66.3865546218487,5,13,10.9243697478992,NA,NA,89.869147315185,33.319717635176,NA,NA,100,NA,NA,NA,NA,36.7588932806324,100,11.9003445534058,NA,NA,NA,NA,NA,NA,NA,NA,NA,NA,NA,371.848102784399,61.9746837973999,"Good"
"EBUX-536-X-1111","VERYNARROW","MIEGLE_2020",122,0,3.27868852459016,2.45901639344262,32.7868852459016,0,14,4.16666666666667,4.0983606557377,25.4098360655738,20.4918032786885,71.3114754098361,6,0,16.6666666666667,1,2.45901639344262,0,3.27868852459016,0,58.3333333333333,0,59.0163934426229,4,12,21.3114754098361,NA,NA,98.3829613385239,42.0045444776869,NA,NA,100,NA,NA,NA,NA,28.8537549407115,100,24.268928350561,NA,NA,NA,NA,NA,NA,NA,NA,NA,NA,NA,393.510189107483,65.5850315179139,"Good"
"EBUX-537-X-1111","VERYNARROW","MIEGLE_2020",112,0,0.892857142857143,1.78571428571429,43.75,0,7,5.88235294117647,1.78571428571429,41.0714285714286,29.4642857142857,58.0357142857143,9,0,29.4117647058824,1,6.25,0,1.78571428571429,0.892857142857143,41.1764705882353,0,47.3214285714286,4,11,29.4642857142857,NA,NA,99.3473012235544,58.1528943879806,NA,NA,100,NA,NA,NA,NA,52.5691699604743,100,58.0486740150606,NA,NA,NA,NA,NA,NA,NA,NA,NA,NA,NA,468.11803958707,78.0196732645116,"Very good"
"EBXE-441-R-1111","WETWIDE","MIEGLE_2020",119,0,36.9747899159664,1.68067226890756,31.0924369747899,0,17,3.7037037037037,12.6050420168067,24.3697478991597,16.8067226890756,73.9495798319328,10,0,14.8148148148148,1,14.2857142857143,0,0.840336134453782,0,62.962962962963,0,66.3865546218487,4,12,7.56302521008403,NA,NA,NA,NA,NA,NA,NA,NA,NA,NA,NA,NA,NA,NA,100,25.3968253968254,100,100,0,0,NA,NA,NA,NA,NA,325.396825396825,54.2328042328042,"Good"
"EBXE-447-R-1111","WETWIDE","MIEGLE_2020",120,0,5.83333333333333,5.83333333333333,41.6666666666667,0,14,10.3448275862069,5.83333333333333,29.1666666666667,15.8333333333333,64.1666666666667,8,0,17.2413793103448,3,15.8333333333333,0,4.16666666666667,0,48.2758620689655,0,40,4,18,15,NA,NA,NA,NA,NA,NA,NA,NA,NA,NA,NA,NA,NA,NA,100,28.6170065196282,100,98.6302083333333,0,0,NA,NA,NA,NA,NA,327.247214852962,54.5412024754936,"Good"
"EBZN-436-R-1111","WETWIDE","MIEGLE_2020",114,0,17.5438596491228,7.01754385964912,71.0526315789474,0,9,0,8.7719298245614,50.8771929824561,21.0526315789474,27.1929824561403,10,0,20,0,24.5614035087719,0,0,1.75438596491228,36,0,15.7894736842105,5,15,20.1754385964912,NA,NA,NA,NA,NA,NA,NA,NA,NA,NA,NA,NA,NA,NA,100,46.7777850785933,100,100,26.5012985636296,0,NA,NA,NA,NA,NA,373.279083642223,62.2131806070371,"Good"
"EFHG-678-R-1111","WETWIDE","MIEGLE_2020",110,1,5.45454545454545,14.5454545454545,30.9090909090909,0.909090909090909,13,4.34782608695652,10.9090909090909,17.2727272727273,11.8181818181818,76.3636363636364,5,0,17.3913043478261,1,33.6363636363636,0,0.909090909090909,9.09090909090909,56.5217391304348,0,70,3,10,12.7272727272727,NA,NA,NA,NA,NA,NA,NA,NA,NA,NA,NA,NA,NA,NA,100,65.6603488064162,100,100,100,0,NA,NA,NA,NA,NA,465.660348806416,77.6100581344027,"Very good"
"EHIV-431-R-1111","WETWIDE","MIEGLE_2020",141,0,2.12765957446809,0,0,0,2,40,0,0,0,92.1985815602837,0,0,0,2,0,91.4893617021277,97.1631205673759,0,40,0,98.5815602836879,0,0,0,NA,NA,NA,NA,NA,NA,NA,NA,NA,NA,NA,NA,NA,NA,100,0,0,0,0,0,NA,NA,NA,NA,NA,100,16.6666666666667,"Severely degraded"
"EHIV-4310-R-1111","WETWIDE","MIEGLE_2020",125,0,0.8,0,0,0,2,50,0,0,0,75.2,0,0,0,2,0,74.4,96.8,0,50,0,97.6,0,0,0,NA,NA,NA,NA,NA,NA,NA,NA,NA,NA,NA,NA,NA,NA,100,0,0,0,0,0,NA,NA,NA,NA,NA,100,16.6666666666667,"Severely degraded"
"EHIV-434-R-1111","WETWIDE","MIEGLE_2020",127,0,1.5748031496063,0,0.78740157480315,0,10,30.7692307692308,0.78740157480315,0,0,12.5984251968504,0,0,0,4,0,0.78740157480315,84.251968503937,0,76.9230769230769,0,90.5511811023622,0,1,0,NA,NA,NA,NA,NA,NA,NA,NA,NA,NA,NA,NA,NA,NA,100,0,98.9561293018042,0,0,0,NA,NA,NA,NA,NA,198.956129301804,33.159354883634,"Degraded"
"EHIV-443-R-1111","WETWIDE","MIEGLE_2020",106,2,7.54716981132075,0.943396226415094,15.0943396226415,3.77358490566038,21,16.6666666666667,6.60377358490566,0,0,95.2830188679245,0,0,0,4,2.83018867924528,2.83018867924528,8.49056603773585,0,87.5,0,20.7547169811321,0,5,0,NA,NA,NA,NA,NA,NA,NA,NA,NA,NA,NA,NA,NA,NA,100,1.56094190438053,93.5902582630804,91.8741155660377,0,0,NA,NA,NA,NA,NA,287.025315733499,47.8375526222498,"Degraded"
"EHVA-445-R-1111","WETWIDE","MIEGLE_2020",117,0,5.12820512820513,34.1880341880342,52.1367521367521,0,10,0,5.98290598290598,34.1880341880342,27.3504273504273,62.3931623931624,13,0,26.9230769230769,0,11.1111111111111,0,0,8.54700854700855,38.4615384615385,0,52.1367521367521,6,19,23.0769230769231,NA,NA,NA,NA,NA,NA,NA,NA,NA,NA,NA,NA,NA,NA,100,18.7913256577426,100,100,100,0,NA,NA,NA,NA,NA,418.791325657743,69.7985542762904,"Good"
"EHVA-447-R-1111","WETWIDE","MIEGLE_2020",125,0,1.6,4,75.2,0,7,0,4,56,24.8,30.4,6,0,26.3157894736842,0,14.4,0,0,0,36.8421052631579,0,21.6,4,15,25.6,NA,NA,NA,NA,NA,NA,NA,NA,NA,NA,NA,NA,NA,NA,100,25.6346233874324,100,100,0,0,NA,NA,NA,NA,NA,325.634623387432,54.2724372312387,"Good"
"EHVA-453-S-1111","WETWIDE","MIEGLE_2020",120,0,26.6666666666667,9.16666666666667,75,0,9,3.44827586206897,12.5,67.5,50,21.6666666666667,14,0,37.9310344827586,1,12.5,0,0.833333333333333,29.1666666666667,31.0344827586207,0,44.1666666666667,4,17,50,NA,NA,NA,NA,NA,NA,NA,NA,NA,NA,NA,NA,NA,NA,100,21.6812317935913,100,100,100,0,NA,NA,NA,NA,NA,421.681231793591,70.2802052989319,"Good"
"EHVA-454-R-1111","WETWIDE","MIEGLE_2020",134,0,7.46268656716418,3.73134328358209,8.2089552238806,0,15,14.2857142857143,23.8805970149254,2.98507462686567,0.746268656716418,94.0298507462687,3,0,4.76190476190476,3,11.1940298507463,0,2.23880597014925,0,71.4285714285714,0,86.5671641791045,2,6,0.746268656716418,NA,NA,NA,NA,NA,NA,NA,NA,NA,NA,NA,NA,NA,NA,100,18.9638573673455,100,100,0,0,NA,NA,NA,NA,NA,318.963857367346,53.1606428945576,"Good"
"EHVA-457-R-1111","WETWIDE","MIEGLE_2020",124,0,12.0967741935484,9.67741935483871,80.6451612903226,0,7,0,10.4838709677419,29.0322580645161,8.87096774193548,32.258064516129,5,0,18.75,0,44.3548387096774,0,0,0,43.75,0,18.5483870967742,4,10,8.87096774193548,NA,NA,NA,NA,NA,NA,NA,NA,NA,NA,NA,NA,NA,NA,100,87.9626273609601,100,100,0,0,NA,NA,NA,NA,NA,387.96262736096,64.6604378934934,"Good"
"EHVA-532-R-1111","WETWIDE","MIEGLE_2020",116,0,6.89655172413793,9.48275862068965,61.2068965517241,0,15,6.66666666666667,7.75862068965517,43.1034482758621,27.5862068965517,45.6896551724138,11,0,10,2,8.62068965517241,0,1.72413793103448,3.44827586206897,50,0,39.6551724137931,5,19,21.551724137931,NA,NA,NA,NA,NA,NA,NA,NA,NA,NA,NA,NA,NA,NA,100,13.6094250003587,100,100,52.0887592457548,0,NA,NA,NA,NA,NA,365.698184246113,60.9496973743522,"Good"
"EHVA-535-R-1111","WETWIDE","MIEGLE_2020",142,0,8.45070422535211,16.9014084507042,83.0985915492958,0,13,3.57142857142857,9.15492957746479,73.943661971831,64.0845070422535,23.943661971831,14,0,21.4285714285714,1,3.52112676056338,0,0.704225352112676,14.0845070422535,46.4285714285714,0,26.7605633802817,4,18,56.3380281690141,NA,NA,NA,NA,NA,NA,NA,NA,NA,NA,NA,NA,NA,NA,100,2.99859916887928,100,100,100,0,NA,NA,NA,NA,NA,402.998599168879,67.1664331948132,"Good"
"EHVA-539-R-1111","WETWIDE","MIEGLE_2020",117,0,11.965811965812,2.56410256410256,76.9230769230769,0,10,0,5.98290598290598,66.6666666666667,44.4444444444444,30.7692307692308,17,0,40,0,10.2564102564103,0,0,6.83760683760684,33.3333333333333,0,22.2222222222222,7,21,43.5897435897436,NA,NA,NA,NA,NA,NA,NA,NA,NA,NA,NA,NA,NA,NA,100,17.0129218818357,100,100,100,0,NA,NA,NA,NA,NA,417.012921881836,69.5021536469726,"Good"
"EHVA-6410-R-1111","WETWIDE","MIEGLE_2020",118,0,1.69491525423729,1.69491525423729,76.271186440678,0,12,8.69565217391304,1.69491525423729,35.5932203389831,23.728813559322,31.3559322033898,6,0,13.0434782608696,2,27.9661016949153,0.847457627118644,3.38983050847458,0,52.1739130434783,0,21.1864406779661,3,15,23.728813559322,NA,NA,NA,NA,NA,NA,NA,NA,NA,NA,NA,NA,NA,NA,100,53.8620509673642,98.7983776540093,99.8440148305085,0,0,NA,NA,NA,NA,NA,352.504443451882,58.7507405753137,"Good"
"EHVA-644-R-1111","WETWIDE","MIEGLE_2020",119,0,5.04201680672269,2.52100840336134,84.0336134453782,0,10,0,2.52100840336134,68.0672268907563,44.5378151260504,19.327731092437,12,0,32,0,4.20168067226891,0,0,1.68067226890756,40,0,18.4873949579832,4,18,43.6974789915966,NA,NA,NA,NA,NA,NA,NA,NA,NA,NA,NA,NA,NA,NA,100,4.4146497550331,100,100,25.3877986239813,0,NA,NA,NA,NA,NA,329.802448379014,54.9670747298357,"Good"
"EHVA-646-R-1111","WETWIDE","MIEGLE_2020",117,0,4.27350427350427,3.41880341880342,91.4529914529915,0,6,0,3.41880341880342,82.9059829059829,49.5726495726496,5.98290598290598,10,0,33.3333333333333,0,7.69230769230769,0,0,3.41880341880342,28.5714285714286,0,8.54700854700855,3,14,48.7179487179487,NA,NA,NA,NA,NA,NA,NA,NA,NA,NA,NA,NA,NA,NA,100,11.677710554115,100,100,51.6435561752782,0,NA,NA,NA,NA,NA,363.321266729393,60.5535444548989,"Good"
"EHVK-435-S-1111","WETWIDE","MIEGLE_2020",110,1,2.72727272727273,0.909090909090909,84.5454545454545,1.81818181818182,12,21.4285714285714,0,0,0,98.1818181818182,0,0,0,3,0.909090909090909,0,5.45454545454545,0,85.7142857142857,0,8.18181818181818,0,3,0,NA,NA,NA,NA,NA,NA,NA,NA,NA,NA,NA,NA,NA,NA,100,0,100,96.6178977272727,0,0,NA,NA,NA,NA,NA,296.617897727273,49.4363162878788,"Degraded"
"EHVK-447-R-1111","WETWIDE","MIEGLE_2020",115,0,6.08695652173913,7.82608695652174,12.1739130434783,0,21,24,4.34782608695652,1.73913043478261,1.73913043478261,89.5652173913043,1,0,0,6,0.869565217391304,0,23.4782608695652,0,84,0,73.0434782608696,0,5,0,NA,NA,NA,NA,NA,NA,NA,NA,NA,NA,NA,NA,NA,NA,77.7777777777778,0,100,68.4558423913044,0,0,NA,NA,NA,NA,NA,246.233620169082,41.038936694847,"Degraded"
"EHZN-544-R-1111","WETWIDE","MIEGLE_2020",123,0,6.50406504065041,14.6341463414634,53.6585365853659,0,10,0,19.5121951219512,27.6422764227642,9.75609756097561,63.4146341463415,9,0,18.1818181818182,0,8.94308943089431,0,0,0.813008130081301,45.4545454545455,0,39.0243902439024,3,14,8.94308943089431,NA,NA,NA,NA,NA,NA,NA,NA,NA,NA,NA,NA,NA,NA,100,14.2802526651983,100,100,12.2810895782674,0,NA,NA,NA,NA,NA,326.561342243466,54.4268903739109,"Good"
"EHZN-634-R-1111","WETWIDE","MIEGLE_2020",128,0,5.46875,4.6875,17.96875,0,13,11.1111111111111,2.34375,12.5,10.15625,86.71875,4,0,5.55555555555556,2,2.34375,0,3.90625,0,72.2222222222222,0,67.1875,2,7,9.375,NA,NA,NA,NA,NA,NA,NA,NA,NA,NA,NA,NA,NA,NA,100,0.548793175197669,100,99.037109375,0,0,NA,NA,NA,NA,NA,299.585902550198,49.9309837583663,"Degraded"
"EHZN-638-R-1111","WETWIDE","MIEGLE_2020",110,0,12.7272727272727,7.27272727272727,21.8181818181818,0,20,16.6666666666667,17.2727272727273,3.63636363636364,2.72727272727273,88.1818181818182,3,0,0,4,1.81818181818182,4.54545454545455,14.5454545454545,0,83.3333333333333,0,66.3636363636364,2,8,0,NA,NA,NA,NA,NA,NA,NA,NA,NA,NA,NA,NA,NA,NA,100,0,89.0847004322182,82.4133522727273,0,0,NA,NA,NA,NA,NA,271.498052704945,45.2496754508242,"Degraded"
"EITQ-523-X-1111","WETWIDE","MIEGLE_2020",109,1,6.42201834862385,8.25688073394495,29.3577981651376,1.8348623853211,16,19.2307692307692,2.75229357798165,14.6788990825688,0,75.2293577981651,2,0,0,5,27.5229357798165,0,6.42201834862385,0,61.5384615384615,0,61.4678899082569,2,11,0,NA,NA,NA,NA,NA,NA,NA,NA,NA,NA,NA,NA,NA,NA,88.8888888888889,52.9399412813494,100,95.1062213302752,0,0,NA,NA,NA,NA,NA,336.935051500514,56.1558419167523,"Good"
"EITQ-527-X-1111","WETWIDE","MIEGLE_2020",117,0,4.27350427350427,1.70940170940171,39.3162393162393,0,9,5.88235294117647,6.83760683760684,35.042735042735,5.98290598290598,56.4102564102564,4,0,5.88235294117647,1,9.4017094017094,0,0.854700854700855,0,52.9411764705882,0,52.991452991453,4,6,4.27350427350427,NA,NA,NA,NA,NA,NA,NA,NA,NA,NA,NA,NA,NA,NA,100,15.2345181059288,100,100,0,0,NA,NA,NA,NA,NA,315.234518105929,52.5390863509881,"Good"
"EPBG-431-X-1111","WETWIDE","MIEGLE_2020",120,2,4.16666666666667,32.5,69.1666666666667,1.66666666666667,13,10.7142857142857,20,46.6666666666667,32.5,47.5,8,0,14.2857142857143,3,6.66666666666667,1.66666666666667,2.5,12.5,46.4285714285714,0,34.1666666666667,5,14,30.8333333333333,NA,NA,NA,NA,NA,NA,NA,NA,NA,NA,NA,NA,NA,NA,100,9.54362602302677,96.6465283250153,100,100,0,NA,NA,NA,NA,NA,406.190154348042,67.698359058007,"Good"
"ETGZ-448-R-1111","VERYNARROW","MIEGLE_2020",136,0,25,1.47058823529412,9.55882352941176,0,16,7.69230769230769,8.08823529411765,2.20588235294118,2.20588235294118,77.2058823529412,2,0,3.84615384615385,2,5.88235294117647,9.55882352941176,10.2941176470588,0,61.5384615384615,0,78.6764705882353,2,6,0.735294117647059,NA,NA,99.7986418858577,7.7902835902368,NA,NA,100,NA,NA,NA,NA,0,100,0,NA,NA,NA,NA,NA,NA,NA,NA,NA,NA,NA,307.588925476095,51.2648209126824,"Good"
"ETGZ-537-R-1111","VERYNARROW","MIEGLE_2020",113,3,19.4690265486726,12.3893805309735,44.2477876106195,2.65486725663717,23,25.7142857142857,22.1238938053097,16.8141592920354,6.19469026548673,75.2212389380531,5,0,2.85714285714286,9,7.07964601769912,15.0442477876106,23.0088495575221,0,65.7142857142857,0,43.3628318584071,4,12,2.65486725663717,NA,NA,84.1601539229827,58.8861210938569,NA,NA,46.7555510493765,NA,NA,NA,NA,20.9486166007905,100,0,NA,NA,NA,NA,NA,NA,NA,NA,NA,NA,NA,310.750442667007,51.7917404445011,"Good"
"FBVK-531-R-1111","WETWIDE","MIEGLE_2020",115,1,32.1739130434783,6.08695652173913,34.7826086956522,1.73913043478261,22,12.5,17.3913043478261,7.82608695652174,3.47826086956522,79.1304347826087,3,0,3.125,4,5.21739130434783,0,9.56521739130435,0,68.75,0,54.7826086956522,1,10,3.47826086956522,NA,NA,NA,NA,NA,NA,NA,NA,NA,NA,NA,NA,NA,NA,100,6.52807179431508,100,90.194972826087,0,0,NA,NA,NA,NA,NA,296.723044620402,49.453840770067,"Degraded"
"FBVK-5310-R-1111","WETWIDE","MIEGLE_2020",108,2,23.1481481481481,8.33333333333333,45.3703703703704,7.40740740740741,15,25,11.1111111111111,0.925925925925926,0.925925925925926,99.0740740740741,1,0,0,4,3.7037037037037,3.7037037037037,46.2962962962963,0,93.75,0,33.3333333333333,1,4,0,NA,NA,NA,NA,NA,NA,NA,NA,NA,NA,NA,NA,NA,NA,100,3.3784929332162,91.2957612195858,32.802662037037,0,0,NA,NA,NA,NA,NA,227.476916189839,37.9128193649732,"Degraded"
"FBVK-535-R-1111","WETWIDE","MIEGLE_2020",141,1,3.54609929078014,31.9148936170213,84.3971631205674,1.41843971631206,14,19.047619047619,21.9858156028369,29.7872340425532,1.41843971631206,56.7375886524823,4,0,4.76190476190476,4,4.9645390070922,11.3475177304965,12.0567375886525,0,66.6666666666667,0,14.8936170212766,4,13,0.709219858156028,NA,NA,NA,NA,NA,NA,NA,NA,NA,NA,NA,NA,NA,NA,100,6.00195382249729,71.2174475164264,86.3019725177305,0,0,NA,NA,NA,NA,NA,263.521373856654,43.920228976109,"Degraded"
"FITQ-437-R-1111","WETWIDE","MIEGLE_2020",133,1,32.3308270676692,8.27067669172932,22.5563909774436,1.50375939849624,15,10,12.0300751879699,16.5413533834586,12.0300751879699,54.8872180451128,6,0,10,3,7.5187969924812,0,6.76691729323308,0,50,0,57.1428571428571,5,8,6.76691729323308,NA,NA,NA,NA,NA,NA,NA,NA,NA,NA,NA,NA,NA,NA,100,11.316681216149,100,94.5673167293233,0,0,NA,NA,NA,NA,NA,305.883997945472,50.9806663242454,"Good"
"FITQ-646-R-1111","WETWIDE","MIEGLE_2020",122,1,3.27868852459016,2.45901639344262,49.1803278688525,0.819672131147541,11,4.54545454545455,2.45901639344262,43.4426229508197,13.9344262295082,52.4590163934426,8,0,18.1818181818182,1,16.3934426229508,0.819672131147541,0.819672131147541,3.27868852459016,50,0,48.3606557377049,4,13,11.4754098360656,NA,NA,NA,NA,NA,NA,NA,NA,NA,NA,NA,NA,NA,NA,100,29.7824440760525,98.8713629336813,100,49.5270169877668,0,NA,NA,NA,NA,NA,378.180823997501,63.0301373329168,"Good"
"FITQ-744-R-1111","WETWIDE","MIEGLE_2020",118,1,5.93220338983051,23.728813559322,88.9830508474576,0.847457627118644,8,8.69565217391304,0,72.8813559322034,32.2033898305085,19.4915254237288,9,0,26.0869565217391,2,13.5593220338983,0,3.38983050847458,22.8813559322034,34.7826086956522,0,32.2033898305085,4,15,32.2033898305085,NA,NA,NA,NA,NA,NA,NA,NA,NA,NA,NA,NA,NA,NA,100,23.8853974904251,100,99.8440148305085,100,0,NA,NA,NA,NA,NA,423.729412320934,70.6215687201556,"Good"
"FTMM-366-S-1111","WETWIDE","MIEGLE_2020",114,0,25.4385964912281,22.8070175438597,53.5087719298246,0,9,4.54545454545455,3.50877192982456,76.3157894736842,47.3684210526316,14.9122807017544,10,0,27.2727272727273,1,7.01754385964912,0,0.87719298245614,43.859649122807,40.9090909090909,0,49.1228070175439,2,9,43.859649122807,NA,NA,NA,NA,NA,NA,NA,NA,NA,NA,NA,NA,NA,NA,100,10.2737075731359,100,100,100,0,NA,NA,NA,NA,NA,410.273707573136,68.3789512621893,"Good"
"GTGC-664-S-1111","WETWIDE","MIEGLE_2020",114,1,13.1578947368421,12.280701754386,78.0701754385965,1.75438596491228,12,12,1.75438596491228,64.9122807017544,61.4035087719298,27.1929824561403,9,0,28,3,13.1578947368421,4.3859649122807,7.89473684210526,22.8070175438597,48,0,40.3508771929825,1,14,61.4035087719298,NA,NA,NA,NA,NA,NA,NA,NA,NA,NA,NA,NA,NA,NA,100,23.050134700046,89.5036382656141,92.8050986842105,100,0,NA,NA,NA,NA,NA,405.358871649871,67.5598119416451,"Good"
"GTGM-432-R-1111","WETWIDE","MIEGLE_2020",134,1,44.7761194029851,0,25.3731343283582,0.746268656716418,14,23.5294117647059,8.2089552238806,0.746268656716418,0.746268656716418,87.3134328358209,1,0,5.88235294117647,4,1.49253731343284,0.746268656716418,27.6119402985075,0,82.3529411764706,0,38.0597014925373,0,4,0.746268656716418,NA,NA,NA,NA,NA,NA,NA,NA,NA,NA,NA,NA,NA,NA,100,0,99.0641747919191,61.9969682835821,0,0,NA,NA,NA,NA,NA,261.061143075501,43.5101905125835,"Degraded"
"GTGM-437-R-1111","WETWIDE","MIEGLE_2020",138,5,5.79710144927536,4.34782608695652,13.768115942029,15.9420289855072,12,50,16.6666666666667,2.17391304347826,2.17391304347826,89.1304347826087,1,0,0,10,12.3188405797101,21.7391304347826,79.7101449275362,0,60,0,23.9130434782609,1,3,0,NA,NA,NA,NA,NA,NA,NA,NA,NA,NA,NA,NA,NA,NA,33.3333333333333,21.3042875150024,43.9213805232923,0,0,0,NA,NA,NA,NA,NA,98.559001371628,16.4265002286047,"Severely degraded"
"GTGM-444-R-1111","WESTFLAT","MIEGLE_2020",27,0,33.3333333333333,0,22.2222222222222,0,11,0,29.6296296296296,0,0,85.1851851851852,0,0,0,0,0,0,0,0,91.6666666666667,0,48.1481481481481,0,4,0,NA,NA,NA,NA,NA,NA,100,NA,0,NA,NA,NA,NA,0,NA,NA,NA,NA,NA,0,100,0,NA,NA,NA,200,33.3333333333333,"Degraded"
"GTGM-NANANA-R-1111","WESTFLAT","MIEGLE_2020",131,4,4.58015267175572,10.6870229007634,15.2671755725191,24.4274809160305,11,47.0588235294118,34.3511450381679,1.52671755725191,1.52671755725191,93.1297709923664,1,0,0,8,22.9007633587786,37.4045801526718,69.4656488549618,0,64.7058823529412,0,31.2977099236641,1,2,0,NA,NA,NA,NA,NA,NA,0,NA,1.55678503781271,NA,NA,NA,NA,0,NA,NA,NA,NA,NA,0,100,0,NA,NA,NA,101.556785037813,16.9261308396355,"Severely degraded"
"GTLL-431-S-1111","WESTFLAT","MIEGLE_2020",124,0,1.61290322580645,12.0967741935484,7.25806451612903,0,6,36.3636363636364,2.41935483870968,4.83870967741935,4.83870967741935,75,1,0,9.09090909090909,4,0,60.4838709677419,68.5483870967742,4.83870967741935,54.5454545454545,0,79.0322580645161,0,4,4.83870967741935,NA,NA,NA,NA,NA,NA,28.2130423859599,NA,7.06117612999727,NA,NA,NA,NA,29.268863782708,NA,NA,NA,NA,NA,0,100,0,NA,NA,NA,164.543082298665,27.4238470497775,"Degraded"
"GTLL-635-S-1111","WESTFLAT","MIEGLE_2020",96,2,33.3333333333333,5.20833333333333,23.9583333333333,3.125,18,18.5185185185185,33.3333333333333,17.7083333333333,3.125,58.3333333333333,4,0,7.40740740740741,5,3.125,7.29166666666667,10.4166666666667,1.04166666666667,66.6666666666667,0,33.3333333333333,1,9,2.08333333333333,NA,NA,NA,NA,NA,NA,98.6635668435905,NA,28.4499473713368,NA,NA,NA,NA,23.8487038229472,NA,NA,NA,NA,NA,0,100,0,NA,NA,NA,250.962218037874,41.8270363396458,"Degraded"
"GXTL-5310-R-1111","WESTFLAT","MIEGLE_2020",112,1,1.78571428571429,5.35714285714286,73.2142857142857,0.892857142857143,8,5,7.14285714285714,25,10.7142857142857,74.1071428571429,11,0,35,1,1.78571428571429,0,0.892857142857143,4.46428571428571,40,0,28.5714285714286,3,16,10.7142857142857,NA,NA,NA,NA,NA,NA,100,NA,40.5683895629051,NA,NA,NA,NA,100,NA,NA,NA,NA,NA,0,100,0,NA,NA,NA,340.568389562905,56.7613982604842,"Good"
"GXTL-537-R-1111","WESTFLAT","MIEGLE_2020",115,1,2.60869565217391,4.34782608695652,34.7826086956522,0.869565217391304,14,9.52380952380952,5.21739130434783,18.2608695652174,2.60869565217391,77.3913043478261,4,0,9.52380952380952,2,12.1739130434783,0.869565217391304,5.21739130434783,0,66.6666666666667,0,54.7826086956522,3,13,2.60869565217391,NA,NA,NA,NA,NA,NA,100,NA,29.368239264114,NA,NA,NA,NA,30.6626192009321,NA,NA,NA,NA,NA,0,100,0,NA,NA,NA,260.030858465046,43.338476410841,"Degraded"
"GXTL-538-R-1111","WESTFLAT","MIEGLE_2020",110,1,4.54545454545455,5.45454545454545,26.3636363636364,0.909090909090909,16,9.09090909090909,9.09090909090909,8.18181818181818,5.45454545454545,90,4,0,13.6363636363636,2,11.8181818181818,0.909090909090909,3.63636363636364,0.909090909090909,72.7272727272727,0,50,1,13,5.45454545454545,NA,NA,NA,NA,NA,NA,100,NA,12.6172813392358,NA,NA,NA,NA,43.9032956740619,NA,NA,NA,NA,NA,0,100,0,NA,NA,NA,256.520577013298,42.7534295022163,"Degraded"
"IKEG-437-R-1111","WESTFLAT","MIEGLE_2020",117,0,4.27350427350427,39.3162393162393,67.5213675213675,0,9,10,1.70940170940171,56.4102564102564,55.5555555555556,43.5897435897436,11,0,40,2,5.98290598290598,17.9487179487179,18.8034188034188,41.8803418803419,45,0,66.6666666666667,3,12,52.1367521367521,NA,NA,NA,NA,NA,NA,100,NA,92.7709097727379,NA,NA,NA,NA,100,NA,NA,NA,NA,NA,0,100,0,NA,NA,NA,392.770909772738,65.4618182954563,"Good"
"IKEG-541-R-1111","WESTFLAT","MIEGLE_2020",108,0,5.55555555555556,10.1851851851852,85.1851851851852,0,4,4.16666666666667,0,49.0740740740741,37.962962962963,46.2962962962963,16,0,58.3333333333333,1,15.7407407407407,0,1.85185185185185,8.33333333333333,16.6666666666667,0,17.5925925925926,5,16,37.037037037037,NA,NA,NA,NA,NA,NA,100,NA,80.5784844176069,NA,NA,NA,NA,100,NA,NA,NA,NA,NA,52.016076753533,100,35.6801792340545,NA,NA,NA,468.274740405194,78.0457900675324,"Very good"
"IKEG-959-S-1111","WESTFLAT","MIEGLE_2020",118,0,9.32203389830508,16.9491525423729,94.0677966101695,0,4,0,12.7118644067797,76.271186440678,58.4745762711864,22.8813559322034,20,0,56,0,19.4915254237288,0,0,21.1864406779661,16,0,24.5762711864407,6,21,54.2372881355932,NA,NA,NA,NA,NA,NA,100,NA,100,NA,NA,NA,NA,100,NA,NA,NA,NA,NA,54.6091015169195,100,9.27685751818269,NA,NA,NA,463.885959035102,77.3143265058504,"Very good"
"IKEG-NANANA-S-1111","WESTFLAT","MIEGLE_2020",123,0,4.0650406504065,9.75609756097561,94.3089430894309,0,5,0,8.94308943089431,82.9268292682927,67.479674796748,15.4471544715447,17,0,52.1739130434783,0,43.0894308943089,0,0,11.3821138211382,21.7391304347826,0,17.8861788617886,5,20,65.8536585365854,NA,NA,NA,NA,NA,NA,100,NA,100,NA,NA,NA,NA,100,NA,NA,NA,NA,NA,32.2865405103749,100,34.5702122427651,NA,NA,NA,466.85675275314,77.80945879219,"Very good"
"IKFH-337-X-1111","WESTFLAT","MIEGLE_2020",119,0,0,0,0,0,3,0,0,0,0,100,0,0,0,0,0,0,0,0,100,0,0,0,0,0,NA,NA,NA,NA,NA,NA,100,NA,0,NA,NA,NA,NA,0,NA,NA,NA,NA,NA,0,100,100,NA,NA,NA,300,50,"Good"
"IKFH-443-R-1111","WESTFLAT","MIEGLE_2020",123,0,1.6260162601626,3.2520325203252,95.1219512195122,0,9,0,0,17.0731707317073,15.4471544715447,79.6747967479675,8,0,26.3157894736842,0,11.3821138211382,0,0,3.2520325203252,47.3684210526316,0,6.50406504065041,3,14,14.6341463414634,NA,NA,NA,NA,NA,NA,100,NA,27.3943339400155,NA,NA,NA,NA,84.7256583183651,NA,NA,NA,NA,NA,0,100,77.6027786742896,NA,NA,NA,389.72277093267,64.953795155445,"Good"
"IKFH-531-X-1111","EAST","MIEGLE_2020",125,1,11.2,4.8,23.2,0.8,11,10.7142857142857,3.2,21.6,8.8,69.6,10,0,10.7142857142857,3,4.8,0.8,3.2,0.8,39.2857142857143,0,72,7,11,5.6,NA,NA,NA,NA,NA,NA,100,NA,NA,NA,NA,NA,NA,NA,NA,NA,99.8746343501881,NA,NA,0,NA,NA,100,84.9056603773585,13.3079847908745,398.088279518421,79.6176559036842,"Very good"
"IKFH-5310-X-1111","EAST","MIEGLE_2020",119,0,0.840336134453782,46.218487394958,46.218487394958,0,5,6.66666666666667,0,41.1764705882353,23.5294117647059,27.7310924369748,6,0,26.6666666666667,1,5.88235294117647,0,23.5294117647059,21.0084033613445,33.3333333333333,0,68.0672268907563,3,7,23.5294117647059,NA,NA,NA,NA,NA,NA,100,NA,NA,NA,NA,NA,NA,NA,NA,NA,100,NA,NA,0,NA,NA,42.8571428571429,47.1698113207547,55.9159024826661,345.942856660564,69.1885713321127,"Good"
"IKFH-534-X-1111","WESTFLAT","MIEGLE_2020",118,1,16.9491525423729,2.54237288135593,33.0508474576271,0.847457627118644,14,4.16666666666667,6.77966101694915,35.5932203389831,15.2542372881356,67.7966101694915,6,0,4.16666666666667,1,2.54237288135593,0,0.847457627118644,0,58.3333333333333,0,63.5593220338983,4,9,5.93220338983051,NA,NA,NA,NA,NA,NA,100,NA,58.1738745869753,NA,NA,NA,NA,13.4148959004078,NA,NA,NA,NA,NA,0,100,0,NA,NA,NA,271.588770487383,45.2647950812305,"Degraded"
"IKFH-535-X-1111","WESTFLAT","MIEGLE_2020",124,0,9.67741935483871,3.2258064516129,73.3870967741936,0,11,4,0,65.3225806451613,17.741935483871,24.1935483870968,6,0,16,1,7.25806451612903,0,0.806451612903226,2.41935483870968,44,0,25.8064516129032,3,11,17.741935483871,NA,NA,NA,NA,NA,NA,100,NA,100,NA,NA,NA,NA,51.513200257566,NA,NA,NA,NA,NA,0,100,4.62589182267212,NA,NA,NA,356.139092080238,59.3565153467064,"Good"
"IKFH-536-X-1111","WESTFLAT","MIEGLE_2020",119,1,13.4453781512605,5.04201680672269,26.0504201680672,0.840336134453782,15,14.8148148148148,7.56302521008403,21.0084033613445,5.04201680672269,70.5882352941177,7,0,7.40740740740741,4,7.56302521008403,0.840336134453782,3.36134453781513,1.68067226890756,55.5555555555556,0,63.8655462184874,3,12,2.52100840336134,NA,NA,NA,NA,NA,NA,100,NA,33.9345244496336,NA,NA,NA,NA,23.8487038229472,NA,NA,NA,NA,NA,0,100,0,NA,NA,NA,257.783228272581,42.9638713787635,"Degraded"
"IKFH-538-X-1111","WESTFLAT","MIEGLE_2020",124,1,4.03225806451613,20.9677419354839,47.5806451612903,0.806451612903226,15,12.9032258064516,4.83870967741935,43.5483870967742,29.8387096774194,50,12,0,19.3548387096774,4,15.3225806451613,0.806451612903226,8.06451612903226,12.9032258064516,48.3870967741936,0,64.5161290322581,6,17,25.8064516129032,NA,NA,NA,NA,NA,NA,100,NA,71.3950259211803,NA,NA,NA,NA,62.3143551502815,NA,NA,NA,NA,NA,0,100,0,NA,NA,NA,333.709381071462,55.618230178577,"Good"
"IKFH-539-X-1111","WESTFLAT","MIEGLE_2020",113,0,3.53982300884956,45.1327433628319,48.6725663716814,0,7,9.09090909090909,0.884955752212389,32.7433628318584,21.2389380530973,14.1592920353982,9,0,22.7272727272727,2,23.0088495575221,0,36.283185840708,8.84955752212389,31.8181818181818,0,58.4070796460177,4,12,19.4690265486726,NA,NA,NA,NA,NA,NA,100,NA,53.4375317132432,NA,NA,NA,NA,73.1721594567699,NA,NA,NA,NA,NA,0,100,0,NA,NA,NA,326.609691170013,54.4349485283355,"Good"
"IKFH-555-R-1111","EAST","MIEGLE_2020",113,0,18.5840707964602,10.6194690265487,31.858407079646,0,17,9.375,23.8938053097345,4.42477876106195,4.42477876106195,73.4513274336283,4,0,15.625,3,7.9646017699115,0,4.42477876106195,0,53.125,0,49.5575221238938,3,11,5.30973451327434,NA,NA,NA,NA,NA,NA,100,NA,NA,NA,NA,NA,NA,NA,NA,NA,100,NA,NA,0,NA,NA,42.8571428571429,84.9056603773585,12.6181903832565,340.380993617758,68.0761987235516,"Good"
"IKFH-646-R-1111","EAST","MIEGLE_2020",108,1,5.55555555555556,12.037037037037,17.5925925925926,0.925925925925926,9,16.6666666666667,33.3333333333333,45.3703703703704,45.3703703703704,42.5925925925926,9,0,27.7777777777778,3,0.925925925925926,1.85185185185185,14.8148148148148,12.037037037037,50,0,62.037037037037,2,8,12.037037037037,NA,NA,NA,NA,NA,NA,100,NA,NA,NA,NA,NA,NA,NA,NA,NA,97.6768661682995,NA,NA,0,NA,NA,28.5714285714286,56.6037735849057,28.6051260385861,311.45719436322,62.291438872644,"Good"
"IKFM-41010-S-1111","EAST","MIEGLE_2020",131,0,6.10687022900763,33.587786259542,78.6259541984733,0,9,0,27.4809160305344,44.2748091603053,7.63358778625954,51.9083969465649,6,0,16.6666666666667,0,2.29007633587786,0,0,6.10687022900763,50,0,22.9007633587786,2,12,3.81679389312977,NA,NA,NA,NA,NA,NA,100,NA,NA,NA,NA,NA,NA,NA,NA,NA,100,NA,NA,0,NA,NA,28.5714285714286,94.3396226415094,9.07032769279889,331.981378905737,66.3962757811474,"Good"
"IKNG-434-X-1111","EAST","MIEGLE_2020",116,0,6.89655172413793,54.3103448275862,89.6551724137931,0,6,0,6.89655172413793,88.7931034482759,82.7586206896552,7.75862068965517,13,0,42.8571428571429,0,23.2758620689655,0,0,55.1724137931034,28.5714285714286,0,48.2758620689655,3,15,69.8275862068966,NA,NA,NA,NA,NA,NA,100,NA,NA,NA,NA,NA,NA,NA,NA,NA,100,NA,NA,12.6214634670102,NA,NA,42.8571428571429,100,100,455.478606324153,91.0957212648306,"Very good"
"IKNG-534-X-1111","EAST","MIEGLE_2020",119,0,10.9243697478992,42.8571428571429,59.6638655462185,0,6,0,2.52100840336134,54.6218487394958,46.218487394958,39.4957983193277,6,0,22.2222222222222,0,0,0,0,46.218487394958,33.3333333333333,0,74.7899159663866,1,9,44.5378151260504,NA,NA,NA,NA,NA,NA,100,NA,NA,NA,NA,NA,NA,NA,NA,NA,100,NA,NA,0,NA,NA,14.2857142857143,66.0377358490566,100,380.323450134771,76.0646900269542,"Very good"
"IKNG-535-X-1111","EAST","MIEGLE_2020",108,0,12.037037037037,62.037037037037,78.7037037037037,0,5,4.54545454545455,6.48148148148148,75.9259259259259,65.7407407407407,15.7407407407407,12,0,31.8181818181818,1,0,0,1.85185185185185,53.7037037037037,22.7272727272727,0,62.962962962963,7,13,55.5555555555556,NA,NA,NA,NA,NA,NA,100,NA,NA,NA,NA,NA,NA,NA,NA,NA,100,NA,NA,34.5837176727819,NA,NA,100,100,100,534.583717672782,106.916743534556,NA
"IKNG-639-R-1111","EAST","MIEGLE_2020",118,0,14.4067796610169,20.3389830508475,85.593220338983,0,4,4.34782608695652,19.4915254237288,81.3559322033898,66.9491525423729,17.7966101694915,18,0,47.8260869565217,1,26.271186440678,0,0.847457627118644,33.8983050847458,17.3913043478261,0,34.7457627118644,3,19,65.2542372881356,NA,NA,NA,NA,NA,NA,100,NA,NA,NA,NA,NA,NA,NA,NA,NA,100,NA,NA,54.6362106432691,NA,NA,42.8571428571429,100,100,497.493353500412,99.4986707000824,"Very good"
"IKYK-454-R-1111","WESTFLAT","MIEGLE_2020",111,0,7.20720720720721,33.3333333333333,47.7477477477477,0,13,6.06060606060606,8.10810810810811,38.7387387387387,21.6216216216216,33.3333333333333,14,0,18.1818181818182,2,8.10810810810811,3.6036036036036,26.1261261261261,5.40540540540541,39.3939393939394,0,50.4504504504505,6,18,18.018018018018,NA,NA,NA,NA,NA,NA,100,NA,63.4015933833118,NA,NA,NA,NA,58.5377275654159,NA,NA,NA,NA,NA,0,100,0,NA,NA,NA,321.939320948728,53.6565534914546,"Good"
"IKYK-532-R-1111","WESTFLAT","MIEGLE_2020",121,0,14.0495867768595,7.43801652892562,56.198347107438,0,13,3.2258064516129,8.26446280991735,42.1487603305785,25.6198347107438,48.7603305785124,11,0,22.5806451612903,1,7.43801652892562,0,1.65289256198347,2.47933884297521,41.9354838709677,0,38.0165289256198,6,17,25.6198347107438,NA,NA,NA,NA,NA,NA,100,NA,69.0689053192264,NA,NA,NA,NA,72.7000810086617,NA,NA,NA,NA,NA,0,100,0,NA,NA,NA,341.768986327888,56.9614977213147,"Good"
"IKYK-574-R-1111","WESTFLAT","MIEGLE_2020",120,0,10,11.6666666666667,67.5,0,13,0,5,61.6666666666667,50.8333333333333,32.5,14,0,31.25,0,1.66666666666667,0,0,12.5,40.625,0,40,6,19,49.1666666666667,NA,NA,NA,NA,NA,NA,100,NA,100,NA,NA,NA,NA,100,NA,NA,NA,NA,NA,0,100,0,NA,NA,NA,400,66.6666666666667,"Good"
"IMHU-335-S-1111","EAST","MIEGLE_2020",128,0,14.0625,50.78125,96.875,0,3,5,0.78125,78.90625,78.90625,16.40625,13,0,50,1,9.375,0,0.78125,63.28125,15,0,61.71875,3,16,75,NA,NA,NA,NA,NA,NA,100,NA,NA,NA,NA,NA,NA,NA,NA,NA,100,NA,NA,63.6226982337467,NA,NA,42.8571428571429,100,100,506.47984109089,101.295968218178,NA
"ITME-445-X-1111","WESTFLAT","MIEGLE_2020",122,0,2.45901639344262,2.45901639344262,65.5737704918033,0,9,4.76190476190476,0,46.7213114754098,14.7540983606557,32.7868852459016,7,0,23.8095238095238,1,11.4754098360656,0,0.819672131147541,0,42.8571428571429,0,28.6885245901639,5,12,14.7540983606557,NA,NA,NA,NA,NA,NA,100,NA,76.6682922975068,NA,NA,NA,NA,76.6565480023304,NA,NA,NA,NA,NA,0,100,0,NA,NA,NA,353.324840299837,58.8874733833062,"Good"
"ITME-511-X-1111","WESTFLAT","MIEGLE_2020",122,0,0.819672131147541,1.63934426229508,24.5901639344262,0,7,0,0,18.8524590163934,4.0983606557377,75.4098360655738,3,0,7.69230769230769,0,11.4754098360656,0,0,0,53.8461538461538,0,69.672131147541,3,6,4.0983606557377,NA,NA,NA,NA,NA,NA,100,NA,30.3514359587726,NA,NA,NA,NA,24.7659616622913,NA,NA,NA,NA,NA,0,100,0,NA,NA,NA,255.117397621064,42.5195662701773,"Degraded"
"ITME-532-X-1111","WESTFLAT","MIEGLE_2020",127,0,7.08661417322835,7.08661417322835,46.4566929133858,0,10,3.84615384615385,6.2992125984252,42.5196850393701,17.3228346456693,45.6692913385827,9,0,15.3846153846154,1,0.78740157480315,0,6.2992125984252,0,38.4615384615385,0,48.0314960629921,6,13,9.44881889763779,NA,NA,NA,NA,NA,NA,100,NA,69.6853665271233,NA,NA,NA,NA,49.5319233245827,NA,NA,NA,NA,NA,0,100,0,NA,NA,NA,319.217289851706,53.202881641951,"Good"
"ITME-546-X-1111","WESTFLAT","MIEGLE_2020",116,0,5.17241379310345,37.0689655172414,37.9310344827586,0,8,9.52380952380952,2.58620689655172,31.0344827586207,9.48275862068965,30.1724137931034,8,0,28.5714285714286,2,0.862068965517241,0,33.6206896551724,4.31034482758621,38.0952380952381,0,61.2068965517241,3,12,10.3448275862069,NA,NA,NA,NA,NA,NA,100,NA,50.5974451697203,NA,NA,NA,NA,91.9878576027964,NA,NA,NA,NA,NA,0,100,0,NA,NA,NA,342.585302772517,57.0975504620861,"Good"
"ITME-834-X-1111","WESTFLAT","MIEGLE_2020",114,0,2.63157894736842,18.4210526315789,43.859649122807,0,14,16.1290322580645,0,24.5614035087719,8.7719298245614,49.1228070175439,9,0,22.5806451612903,5,14.0350877192982,0,18.4210526315789,0.87719298245614,45.1612903225806,0,49.1228070175439,5,17,8.7719298245614,NA,NA,NA,NA,NA,NA,100,NA,39.8394607092769,NA,NA,NA,NA,72.7000810086617,NA,NA,NA,NA,NA,0,100,0,NA,NA,NA,312.539541717939,52.0899236196564,"Good"
"ITME-835-X-1111","WESTFLAT","MIEGLE_2020",129,1,1.55038759689922,10.077519379845,20.9302325581395,11.6279069767442,8,9.52380952380952,11.6279069767442,15.5038759689922,6.97674418604651,65.8914728682171,9,0,19.047619047619,2,18.6046511627907,11.6279069767442,17.0542635658915,1.55038759689922,38.0952380952381,0,55.0387596899225,5,12,4.65116279069767,NA,NA,NA,NA,NA,NA,100,NA,24.7862322901649,NA,NA,NA,NA,61.3252384018643,NA,NA,NA,NA,NA,0,100,0,NA,NA,NA,286.111470692029,47.6852451153382,"Degraded"
"ITME-837-X-1111","WESTFLAT","MIEGLE_2020",111,2,5.40540540540541,17.1171171171171,31.5315315315315,1.8018018018018,8,24,4.5045045045045,26.1261261261261,9.90990990990991,51.3513513513514,9,0,24,6,6.30630630630631,1.8018018018018,19.8198198198198,1.8018018018018,32,0,63.0630630630631,4,14,9.00900900900901,NA,NA,NA,NA,NA,NA,77.0232925384919,NA,42.439963646545,NA,NA,NA,NA,77.269800386349,NA,NA,NA,NA,NA,0,100,0,NA,NA,NA,296.733056571386,49.4555094285643,"Degraded"
"ITME-8410-X-1111","WESTFLAT","MIEGLE_2020",115,3,7.82608695652174,25.2173913043478,31.304347826087,3.47826086956522,13,20.5882352941176,7.82608695652174,20,13.9130434782609,54.7826086956522,12,0,26.4705882352941,7,6.08695652173913,2.60869565217391,25.2173913043478,4.34782608695652,38.2352941176471,0,66.0869565217391,5,19,13.9130434782609,NA,NA,NA,NA,NA,NA,90.4925570702027,NA,32.258600631544,NA,NA,NA,NA,85.2240445437673,NA,NA,NA,NA,NA,0,100,0,NA,NA,NA,307.975202245514,51.3292003742523,"Good"
"ITME-843-X-1111","WESTFLAT","MIEGLE_2020",124,3,4.83870967741935,22.5806451612903,43.5483870967742,13.7096774193548,10,16,17.741935483871,25,11.2903225806452,34.6774193548387,8,0,24,4,19.3548387096774,12.9032258064516,29.8387096774194,1.61290322580645,40,0,46.7741935483871,5,16,11.2903225806452,NA,NA,NA,NA,NA,NA,100,NA,40.5683895629051,NA,NA,NA,NA,77.269800386349,NA,NA,NA,NA,NA,0,100,0,NA,NA,NA,317.838189949254,52.973031658209,"Good"
"ITME-844-X-1111","WESTFLAT","MIEGLE_2020",109,2,7.3394495412844,5.5045871559633,53.2110091743119,10.0917431192661,10,15.625,12.8440366972477,41.2844036697248,14.6788990825688,34.8623853211009,12,0,25,5,15.5963302752294,9.1743119266055,16.5137614678899,0,31.25,0,32.1100917431193,9,20,11.9266055045872,NA,NA,NA,NA,NA,NA,100,NA,67.6323810366042,NA,NA,NA,NA,80.4893754024469,NA,NA,NA,NA,NA,0,100,0,NA,NA,NA,348.121756439051,58.0202927398419,"Good"
"ITME-848-X-1111","WESTFLAT","MIEGLE_2020",108,1,2.77777777777778,44.4444444444444,25.9259259259259,4.62962962962963,14,19.047619047619,3.7037037037037,12.037037037037,10.1851851851852,46.2962962962963,5,0,4.76190476190476,4,7.40740740740741,0.925925925925926,56.4814814814815,0,66.6666666666667,0,66.6666666666667,4,8,0.925925925925926,NA,NA,NA,NA,NA,NA,96.5747372774613,NA,19.0244923334503,NA,NA,NA,NA,15.3313096004661,NA,NA,NA,NA,NA,0,100,0,NA,NA,NA,230.930539211378,38.4884232018963,"Degraded"
"ITME-849-X-1111","WESTFLAT","MIEGLE_2020",111,1,2.7027027027027,32.4324324324324,34.2342342342342,0.900900900900901,11,8.33333333333333,6.30630630630631,30.6306306306306,11.7117117117117,37.8378378378378,7,0,16.6666666666667,2,6.30630630630631,0,27.9279279279279,0,45.8333333333333,0,63.963963963964,5,12,9.90990990990991,NA,NA,NA,NA,NA,NA,100,NA,49.9262599811046,NA,NA,NA,NA,53.6595836016313,NA,NA,NA,NA,NA,0,100,0,NA,NA,NA,303.585843582736,50.5976405971226,"Good"
"ITME-NA31-X-1111","WESTFLAT","MIEGLE_2020",113,1,2.65486725663717,8.84955752212389,15.0442477876106,0.884955752212389,10,20,0.884955752212389,6.19469026548673,4.42477876106195,81.4159292035398,3,0,5,4,14.1592920353982,0.884955752212389,7.07964601769912,0,50,0,73.4513274336283,2,7,4.42477876106195,NA,NA,NA,NA,NA,NA,92.8148440584287,NA,9.31475862636983,NA,NA,NA,NA,16.0978750804894,NA,NA,NA,NA,NA,0,100,0,NA,NA,NA,218.227477765288,36.3712462942147,"Degraded"
"ITME-NA32-X-1111","WESTFLAT","MIEGLE_2020",127,2,3.93700787401575,3.1496062992126,14.9606299212598,3.93700787401575,10,25,5.51181102362205,4.7244094488189,1.5748031496063,81.8897637795276,4,0,10,5,22.0472440944882,3.93700787401575,7.08661417322835,0,50,0,74.8031496062992,4,9,1.5748031496063,NA,NA,NA,NA,NA,NA,73.0754046585077,NA,6.87121397510204,NA,NA,NA,NA,32.1957501609788,NA,NA,NA,NA,NA,0,100,0,NA,NA,NA,212.142368794588,35.3570614657648,"Degraded"
"ITME-NA34-X-1111","WESTFLAT","MIEGLE_2020",121,1,4.95867768595041,37.1900826446281,24.7933884297521,0.826446280991736,10,14.8148148148148,10.7438016528926,23.9669421487603,15.702479338843,35.5371900826446,9,0,11.1111111111111,4,10.7438016528926,0,38.8429752066116,1.65289256198347,37.037037037037,0,62.8099173553719,6,15,4.13223140495868,NA,NA,NA,NA,NA,NA,100,NA,38.8514910233677,NA,NA,NA,NA,35.7730557344208,NA,NA,NA,NA,NA,0,100,0,NA,NA,NA,274.624546757788,45.7707577929648,"Degraded"
"ITME-NA35-X-1111","WESTFLAT","MIEGLE_2020",108,0,1.85185185185185,36.1111111111111,25,0,15,3.7037037037037,5.55555555555556,18.5185185185185,11.1111111111111,56.4814814814815,9,0,14.8148148148148,1,8.33333333333333,0,22.2222222222222,2.77777777777778,55.5555555555556,0,67.5925925925926,4,10,6.48148148148148,NA,NA,NA,NA,NA,NA,100,NA,29.7964409481777,NA,NA,NA,NA,47.6974076458944,NA,NA,NA,NA,NA,0,100,0,NA,NA,NA,277.493848594072,46.2489747656787,"Degraded"
"ITME-NA37-X-1111","WESTFLAT","MIEGLE_2020",106,0,3.77358490566038,28.3018867924528,43.3962264150943,0,9,10.3448275862069,8.49056603773585,33.9622641509434,12.2641509433962,31.1320754716981,10,0,20.6896551724138,3,7.54716981132075,0,25.4716981132075,1.88679245283019,31.0344827586207,0,48.1132075471698,6,15,10.377358490566,NA,NA,NA,NA,NA,NA,100,NA,55.463294251194,NA,NA,NA,NA,66.6118968847836,NA,NA,NA,NA,NA,0,100,0,NA,NA,NA,322.075191135978,53.6791985226629,"Good"
"ITME-NA38-X-1111","WESTFLAT","MIEGLE_2020",241,2,2.9045643153527,22.8215767634855,36.9294605809129,0.829875518672199,16,11.6279069767442,4.9792531120332,21.9917012448133,9.54356846473029,46.0580912863071,12,0,20.9302325581395,5,14.5228215767635,0.4149377593361,22.4066390041494,1.2448132780083,37.2093023255814,0,41.49377593361,6,25,9.12863070539419,NA,NA,NA,NA,NA,NA,100,NA,35.5687240232895,NA,NA,NA,NA,67.3864538253044,NA,NA,NA,NA,NA,0,100,0,NA,NA,NA,302.955177848594,50.4925296414323,"Good"
"ITME-NA39-X-1111","WESTFLAT","MIEGLE_2020",118,0,2.54237288135593,41.5254237288136,25.4237288135593,0,8,9.52380952380952,1.69491525423729,16.1016949152542,2.54237288135593,37.2881355932203,6,0,14.2857142857143,2,10.1694915254237,0,41.5254237288136,0,38.0952380952381,0,69.4915254237288,5,14,2.54237288135593,NA,NA,NA,NA,NA,NA,100,NA,25.7797821426861,NA,NA,NA,NA,45.9939288013982,NA,NA,NA,NA,NA,0,100,0,NA,NA,NA,271.773710944084,45.2956184906807,"Degraded"
"ITME-NA43-X-1111","WESTFLAT","MIEGLE_2020",118,0,1.69491525423729,5.08474576271186,26.271186440678,0,16,7.69230769230769,0.847457627118644,15.2542372881356,6.77966101694915,80.5084745762712,6,0,11.5384615384615,2,9.32203389830508,0,2.54237288135593,0,61.5384615384615,0,69.4915254237288,3,13,6.77966101694915,NA,NA,NA,NA,NA,NA,100,NA,24.3713433407605,NA,NA,NA,NA,37.148942493437,NA,NA,NA,NA,NA,0,100,0,NA,NA,NA,261.520285834198,43.5867143056996,"Degraded"
"ITME-NANANA-X-1111","WESTFLAT","MIEGLE_2020",130,0,6.15384615384615,4.61538461538461,23.8461538461538,0,11,13.0434782608696,1.53846153846154,7.69230769230769,3.07692307692308,72.3076923076923,5,0,13.0434782608696,3,13.8461538461538,0,5.38461538461539,0,47.8260869565217,0,71.5384615384615,5,10,2.30769230769231,NA,NA,NA,NA,NA,NA,100,NA,11.8037355697319,NA,NA,NA,NA,41.9944567317114,NA,NA,NA,NA,NA,0,100,0,NA,NA,NA,253.798192301443,42.2996987169072,"Degraded"
"ITQE-527-S-1111","WESTFLAT","MIEGLE_2020",110,0,19.0909090909091,19.0909090909091,79.0909090909091,0,12,3.33333333333333,10,67.2727272727273,56.3636363636364,26.3636363636364,11,0,23.3333333333333,1,10.9090909090909,0,0.909090909090909,23.6363636363636,40,0,26.3636363636364,3,15,54.5454545454545,NA,NA,NA,NA,NA,NA,100,NA,100,NA,NA,NA,NA,75.1234170422837,NA,NA,NA,NA,NA,0,100,2.51933321876612,NA,NA,NA,377.64275026105,62.9404583768416,"Good"
"KDZK-4310-R-1111","EAST","MIEGLE_2020",127,0,7.08661417322835,3.93700787401575,75.5905511811024,0,12,0,5.51181102362205,66.1417322834646,33.0708661417323,28.3464566929134,16,0,28.125,0,12.5984251968504,0,0,3.1496062992126,37.5,0,18.1102362204724,7,20,28.3464566929134,NA,NA,NA,NA,NA,NA,100,NA,NA,NA,NA,NA,NA,NA,NA,NA,100,NA,NA,0,NA,NA,100,100,67.3632525972276,467.363252597228,93.4726505194455,"Very good"
"KDZK-434-R-1111","EAST","MIEGLE_2020",123,0,6.50406504065041,3.2520325203252,95.1219512195122,0,5,0,2.4390243902439,79.6747967479675,42.2764227642276,14.6341463414634,14,0,45.8333333333333,0,12.1951219512195,0,0,4.8780487804878,20.8333333333333,0,7.31707317073171,7,19,43.0894308943089,NA,NA,NA,NA,NA,NA,100,NA,NA,NA,NA,NA,NA,NA,NA,NA,100,NA,NA,41.7011148690968,NA,NA,100,100,100,541.701114869097,108.340222973819,NA
"KDZK-442-S-1111","EAST","MIEGLE_2020",125,0,4,7.2,96,0,5,0,1.6,58.4,54.4,39.2,11,0,42.1052631578947,0,8.8,0,0,8,26.3157894736842,0,8.8,5,14,53.6,NA,NA,NA,NA,NA,NA,100,NA,NA,NA,NA,NA,NA,NA,NA,NA,100,NA,NA,21.0981229850274,NA,NA,71.4285714285714,100,100,492.526694413599,98.5053388827198,"Very good"
"KDZK-738-R-1111","EAST","MIEGLE_2020",117,3,3.41880341880342,0,65.8119658119658,4.27350427350427,14,19.2307692307692,0.854700854700855,58.1196581196581,11.1111111111111,32.4786324786325,6,0,11.5384615384615,5,13.6752136752137,0.854700854700855,6.83760683760684,0,53.8461538461538,0,28.2051282051282,3,10,11.1111111111111,NA,NA,NA,NA,NA,NA,100,NA,NA,NA,NA,NA,NA,NA,NA,NA,99.760340880274,NA,NA,0,NA,NA,42.8571428571429,75.4716981132076,26.4047317279256,344.49391357855,68.89878271571,"Good"
"KDZK-NANANA-R-1111","EAST","MIEGLE_2020",115,0,19.1304347826087,3.47826086956522,65.2173913043478,0,15,2.94117647058824,6.08695652173913,47.8260869565217,19.1304347826087,47.8260869565217,14,0,23.5294117647059,1,6.08695652173913,0,1.73913043478261,2.60869565217391,44.1176470588235,0,26.0869565217391,6,19,16.5217391304348,NA,NA,NA,NA,NA,NA,100,NA,NA,NA,NA,NA,NA,NA,NA,NA,100,NA,NA,0,NA,NA,85.7142857142857,100,39.2626880476112,424.976973761897,84.9953947523794,"Very good"
"LHNM-434-R-1111","EAST","MIEGLE_2020",111,0,11.7117117117117,39.6396396396396,66.6666666666667,0,17,9.67741935483871,27.027027027027,30.6306306306306,18.018018018018,49.5495495495495,5,0,3.2258064516129,3,0,1.8018018018018,9.00900900900901,3.6036036036036,54.8387096774194,0,22.5225225225225,3,12,0.900900900900901,NA,NA,NA,NA,NA,NA,100,NA,NA,NA,NA,NA,NA,NA,NA,NA,97.7814421190936,NA,NA,0,NA,NA,42.8571428571429,94.3396226415094,2.14092419415613,337.119131811902,67.4238263623804,"Good"
"LHNM-438-R-1111","EAST","MIEGLE_2020",97,0,6.18556701030928,52.5773195876289,40.2061855670103,0,9,21.4285714285714,20.6185567010309,1.03092783505155,1.03092783505155,65.979381443299,1,0,7.14285714285714,3,0,0,11.340206185567,0,64.2857142857143,0,3.09278350515464,1,4,1.03092783505155,NA,NA,NA,NA,NA,NA,95.2380952380952,NA,NA,NA,NA,NA,NA,NA,NA,NA,100,NA,NA,0,NA,NA,14.2857142857143,18.8679245283019,2.44992356238485,230.841657614496,46.1683315228993,"Degraded"
"LMVE-384-S-1111","EAST","MIEGLE_2020",124,0,13.7096774193548,9.67741935483871,89.5161290322581,0,8,0,8.06451612903226,67.741935483871,54.8387096774194,19.3548387096774,12,0,33.3333333333333,0,17.741935483871,0,0,13.7096774193548,33.3333333333333,0,14.5161290322581,6,18,54.0322580645161,NA,NA,NA,NA,NA,NA,100,NA,NA,NA,NA,NA,NA,NA,NA,NA,100,NA,NA,0,NA,NA,85.7142857142857,100,100,485.714285714286,97.1428571428571,"Very good"
"LPTG-535-R-1111","EAST","MIEGLE_2020",125,0,3.2,5.6,30.4,0,9,0,6.4,20,2.4,78.4,3,0,7.14285714285714,0,0.8,0,0,0,64.2857142857143,0,62.4,3,9,2.4,NA,NA,NA,NA,NA,NA,100,NA,NA,NA,NA,NA,NA,NA,NA,NA,100,NA,NA,0,NA,NA,42.8571428571429,66.0377358490566,5.70342205323194,314.598300759431,62.9196601518863,"Good"
"LTOT-438-R-1111","EAST","MIEGLE_2020",127,0,4.7244094488189,29.9212598425197,68.503937007874,0,9,7.14285714285714,3.93700787401575,63.7795275590551,46.4566929133858,22.0472440944882,13,0,32.1428571428571,2,3.93700787401575,0,11.0236220472441,20.4724409448819,32.1428571428571,0,46.4566929133858,3,15,44.0944881889764,NA,NA,NA,NA,NA,NA,100,NA,NA,NA,NA,NA,NA,NA,NA,NA,100,NA,NA,0,NA,NA,42.8571428571429,100,100,442.857142857143,88.5714285714286,"Very good"
"LTOT-441-R-1111","EAST","MIEGLE_2020",121,0,9.91735537190083,21.4876033057851,81.8181818181818,0,7,8,5.78512396694215,80.1652892561983,73.5537190082645,14.8760330578512,16,0,48,2,19.8347107438017,0,1.65289256198347,25.6198347107438,28,0,29.7520661157025,4,17,64.4628099173554,NA,NA,NA,NA,NA,NA,100,NA,NA,NA,NA,NA,NA,NA,NA,NA,100,NA,NA,14.7688838782413,NA,NA,57.1428571428571,100,100,471.911741021098,94.3823482042197,"Very good"
"LTOT-442-R-1111","EAST","MIEGLE_2020",129,0,7.75193798449612,28.6821705426357,69.7674418604651,0,6,7.40740740740741,25.5813953488372,68.9922480620155,60.4651162790698,27.1317829457364,19,0,48.1481481481481,2,16.2790697674419,0,1.55038759689922,27.906976744186,22.2222222222222,0,48.8372093023256,6,19,53.4883720930233,NA,NA,NA,NA,NA,NA,100,NA,NA,NA,NA,NA,NA,NA,NA,NA,100,NA,NA,36.4816902584659,NA,NA,85.7142857142857,100,100,522.195975972752,104.43919519455,NA
"LTOT-449-R-1111","EAST","MIEGLE_2020",127,0,7.08661417322835,29.1338582677165,85.8267716535433,0,5,4,2.36220472440945,78.740157480315,64.5669291338583,14.1732283464567,17,0,56,1,22.8346456692913,0,5.51181102362205,27.5590551181102,20,0,26.7716535433071,6,18,56.6929133858268,NA,NA,NA,NA,NA,NA,100,NA,NA,NA,NA,NA,NA,NA,NA,NA,100,NA,NA,44.8327696354754,NA,NA,85.7142857142857,100,100,530.547055349761,106.109411069952,NA
"LTOT-5109-S-1111","EAST","MIEGLE_2020",119,0,6.72268907563025,46.218487394958,59.6638655462185,0,3,5.55555555555556,1.68067226890756,58.8235294117647,56.3025210084034,3.36134453781513,13,0,55.5555555555556,1,13.4453781512605,0,36.9747899159664,15.1260504201681,16.6666666666667,0,43.6974789915966,1,14,52.1008403361345,NA,NA,NA,NA,NA,NA,100,NA,NA,NA,NA,NA,NA,NA,NA,NA,100,NA,NA,57.3593887009896,NA,NA,14.2857142857143,100,100,471.645102986704,94.3290205973408,"Very good"
"LTOT-537-S-1111","EAST","MIEGLE_2020",116,0,7.75862068965517,1.72413793103448,87.9310344827586,0,6,0,8.62068965517241,81.0344827586207,72.4137931034483,17.2413793103448,13,0,42.8571428571429,0,42.2413793103448,0,0,7.75862068965517,28.5714285714286,0,13.7931034482759,3,14,71.551724137931,NA,NA,NA,NA,NA,NA,100,NA,NA,NA,NA,NA,NA,NA,NA,NA,100,NA,NA,12.6214634670102,NA,NA,42.8571428571429,100,100,455.478606324153,91.0957212648306,"Very good"
"LTOT-547-R-1111","EAST","MIEGLE_2020",129,0,6.97674418604651,15.5038759689922,90.6976744186046,0,7,7.69230769230769,3.87596899224806,82.9457364341085,61.2403100775194,14.7286821705426,16,0,46.1538461538462,2,32.5581395348837,0.775193798449612,1.55038759689922,16.2790697674419,26.9230769230769,0,17.8294573643411,6,18,55.0387596899225,NA,NA,NA,NA,NA,NA,100,NA,NA,NA,NA,NA,NA,NA,NA,NA,99.9264651098002,NA,NA,18.8159454224843,NA,NA,85.7142857142857,100,100,504.45669624657,100.891339249314,NA
"LTOT-558-S-1111","EAST","MIEGLE_2020",113,0,7.9646017699115,3.53982300884956,95.5752212389381,0,6,0,6.19469026548673,84.9557522123894,68.141592920354,15.0442477876106,15,0,52.3809523809524,0,15.929203539823,0,0,8.84955752212389,28.5714285714286,0,12.3893805309735,4,16,68.141592920354,NA,NA,NA,NA,NA,NA,100,NA,NA,NA,NA,NA,NA,NA,NA,NA,100,NA,NA,12.6214634670102,NA,NA,57.1428571428571,100,100,469.764320609867,93.9528641219735,"Very good"
"LTOT-NANANA-R-1111","EAST","MIEGLE_2020",122,0,16.3934426229508,19.672131147541,74.5901639344262,0,7,3.33333333333333,20.4918032786885,72.1311475409836,53.2786885245902,21.3114754098361,17,0,43.3333333333333,1,17.2131147540984,0,0.819672131147541,24.5901639344262,23.3333333333333,0,40.1639344262295,5,19,51.6393442622951,NA,NA,NA,NA,NA,NA,100,NA,NA,NA,NA,NA,NA,NA,NA,NA,100,NA,NA,32.3061505699612,NA,NA,71.4285714285714,100,100,503.734721998533,100.746944399707,NA
"LUIT-431-X-1111","EAST","MIEGLE_2020",120,0,2.5,2.5,74.1666666666667,0,7,0,3.33333333333333,69.1666666666667,12.5,23.3333333333333,8,0,25,0,5,0,0,0,35,0,24.1666666666667,7,10,11.6666666666667,NA,NA,NA,NA,NA,NA,100,NA,NA,NA,NA,NA,NA,NA,NA,NA,100,NA,NA,0,NA,NA,100,75.4716981132076,27.7249683143219,403.196666427529,80.6393332855059,"Very good"
"LUIT-5310-X-1111","EAST","MIEGLE_2020",109,0,7.3394495412844,0,55.9633027522936,0,9,4.76190476190476,1.8348623853211,38.5321100917431,11.9266055045872,44.0366972477064,7,0,4.76190476190476,1,11.9266055045872,0,3.6697247706422,0,42.8571428571429,0,35.7798165137615,6,12,8.25688073394495,NA,NA,NA,NA,NA,NA,100,NA,NA,NA,NA,NA,NA,NA,NA,NA,100,NA,NA,0,NA,NA,85.7142857142857,94.3396226415094,19.6218648620365,399.675773217832,79.9351546435663,"Very good"
"LUIT-534-X-1111","EAST","MIEGLE_2020",121,2,2.47933884297521,9.09090909090909,65.2892561983471,1.65289256198347,7,16.6666666666667,0.826446280991736,56.198347107438,13.2231404958678,39.6694214876033,6,0,16.6666666666667,3,4.95867768595041,0,2.47933884297521,9.09090909090909,38.8888888888889,0,42.1487603305785,4,11,12.396694214876,NA,NA,NA,NA,NA,NA,100,NA,NA,NA,NA,NA,NA,NA,NA,NA,100,NA,NA,0,NA,NA,57.1428571428571,84.9056603773585,29.4598246551237,371.508342175339,74.3016684350679,"Good"
"LUIT-537-X-1111","EAST","MIEGLE_2020",124,2,2.41935483870968,4.03225806451613,33.0645161290323,2.41935483870968,16,14.2857142857143,4.03225806451613,26.6129032258065,4.83870967741935,67.741935483871,6,0,10.7142857142857,4,0.806451612903226,0,4.03225806451613,3.2258064516129,57.1428571428571,0,64.5161290322581,5,13,4.83870967741935,NA,NA,NA,NA,NA,NA,100,NA,NA,NA,NA,NA,NA,NA,NA,NA,100,NA,NA,0,NA,NA,71.4285714285714,100,11.4988347847418,382.927406213313,76.5854812426627,"Very good"
"LUIT-538-X-1111","EAST","MIEGLE_2020",118,1,7.6271186440678,6.77966101694915,56.7796610169492,1.69491525423729,12,18.1818181818182,0.847457627118644,44.9152542372881,15.2542372881356,44.9152542372881,5,0,18.1818181818182,4,8.47457627118644,0,5.08474576271186,5.08474576271186,54.5454545454545,0,44.9152542372881,3,12,16.1016949152542,NA,NA,NA,NA,NA,NA,100,NA,NA,NA,NA,NA,NA,NA,NA,NA,100,NA,NA,0,NA,NA,42.8571428571429,94.3396226415094,38.2644841141973,375.46124961285,75.0922499225699,"Very good"
"LUIT-539-X-1111","EAST","MIEGLE_2020",117,2,9.4017094017094,4.27350427350427,47.8632478632479,1.70940170940171,9,18.1818181818182,4.27350427350427,28.2051282051282,4.27350427350427,60.6837606837607,6,0,13.6363636363636,4,1.70940170940171,0,3.41880341880342,3.41880341880342,40.9090909090909,0,53.8461538461538,3,15,5.98290598290598,NA,NA,NA,NA,NA,NA,100,NA,NA,NA,NA,NA,NA,NA,NA,NA,100,NA,NA,0,NA,NA,42.8571428571429,100,14.217932468883,357.075075326026,71.4150150652052,"Good"
"LUIT-635-X-1111","EAST","MIEGLE_2020",106,2,18.8679245283019,12.2641509433962,60.377358490566,1.88679245283019,10,11.5384615384615,1.88679245283019,32.0754716981132,12.2641509433962,44.3396226415094,8,0,23.0769230769231,3,4.71698113207547,0.943396226415094,2.83018867924528,9.43396226415094,38.4615384615385,0,43.3962264150943,4,16,12.2641509433962,NA,NA,NA,NA,NA,NA,100,NA,NA,NA,NA,NA,NA,NA,NA,NA,99.5750183317696,NA,NA,0,NA,NA,57.1428571428571,100,29.1448453978047,385.862720872431,77.1725441744863,"Very good"
"LUIT-636-X-1111","EAST","MIEGLE_2020",110,0,4.54545454545455,6.36363636363636,66.3636363636364,0,12,4.34782608695652,1.81818181818182,44.5454545454545,12.7272727272727,42.7272727272727,6,0,13.0434782608696,1,3.63636363636364,0,0.909090909090909,6.36363636363636,52.1739130434783,0,35.4545454545455,5,13,11.8181818181818,NA,NA,NA,NA,NA,NA,100,NA,NA,NA,NA,NA,NA,NA,NA,NA,100,NA,NA,0,NA,NA,71.4285714285714,100,28.0850328378845,399.513604266456,79.9027208532912,"Very good"
"MHPG-437-R-1111","EAST","MIEGLE_2020",118,0,11.864406779661,27.1186440677966,89.8305084745763,0,6,0,4.23728813559322,44.9152542372881,44.9152542372881,54.2372881355932,11,0,50,0,0.847457627118644,0,0,36.4406779661017,33.3333333333333,0,38.9830508474576,3,12,40.6779661016949,NA,NA,NA,NA,NA,NA,100,NA,NA,NA,NA,NA,NA,NA,NA,NA,100,NA,NA,0,NA,NA,42.8571428571429,94.3396226415094,96.6681703937617,433.864935892414,86.7729871784828,"Very good"
"MHPG-534-R-1111","EAST","MIEGLE_2020",106,2,7.54716981132075,10.377358490566,69.811320754717,1.88679245283019,10,21.0526315789474,4.71698113207547,16.0377358490566,16.0377358490566,76.4150943396226,6,0,31.5789473684211,4,1.88679245283019,2.83018867924528,5.66037735849057,15.0943396226415,52.6315789473684,0,31.1320754716981,1,8,16.0377358490566,NA,NA,NA,NA,NA,NA,96.4912280701754,NA,NA,NA,NA,NA,NA,NA,NA,NA,95.6327022999472,NA,NA,0,NA,NA,14.2857142857143,56.6037735849057,38.1124901355908,301.125908376333,60.2251816752667,"Good"
"MHPG-7410-R-1111","EAST","MIEGLE_2020",118,1,12.7118644067797,5.08474576271186,77.1186440677966,3.38983050847458,12,10.5263157894737,14.4067796610169,52.5423728813559,44.0677966101695,21.1864406779661,16,0,26.3157894736842,4,44.9152542372881,3.38983050847458,5.93220338983051,6.77966101694915,31.5789473684211,0,14.4067796610169,4,22,40.6779661016949,NA,NA,NA,NA,NA,NA,100,NA,NA,NA,NA,NA,NA,NA,NA,NA,94.4633712735592,NA,NA,1.31925077632074,NA,NA,57.1428571428571,100,96.6681703937617,449.593649586499,89.9187299172997,"Very good"
"MNVD-536-R-1111","EAST","MIEGLE_2020",128,1,3.90625,0,80.46875,0.78125,12,11.7647058823529,1.5625,35.15625,0.78125,63.28125,3,0,5.88235294117647,2,1.5625,0.78125,1.5625,0,70.5882352941177,0,17.96875,1,6,0.78125,NA,NA,NA,NA,NA,NA,100,NA,NA,NA,NA,NA,NA,NA,NA,NA,99.9138111157543,NA,NA,0,NA,NA,14.2857142857143,37.7358490566038,1.85658269961977,253.791957157692,50.7583914315384,"Good"
"MNVD-539-R-1111","EAST","MIEGLE_2020",122,1,8.19672131147541,9.83606557377049,72.1311475409836,0.819672131147541,17,7.14285714285714,15.5737704918033,31.1475409836066,0.819672131147541,53.2786885245902,4,0,3.57142857142857,2,2.45901639344262,0,9.83606557377049,0,60.7142857142857,0,25.4098360655738,2,14,0.819672131147541,NA,NA,NA,NA,NA,NA,100,NA,NA,NA,NA,NA,NA,NA,NA,NA,100,NA,NA,0,NA,NA,28.5714285714286,100,1.94789004550271,330.519318616931,66.1038637233863,"Good"
"MNVD-6310-R-1111","EAST","MIEGLE_2020",117,2,11.965811965812,29.0598290598291,41.8803418803419,1.70940170940171,10,18.1818181818182,33.3333333333333,41.025641025641,5.98290598290598,34.1880341880342,3,0,0,4,26.4957264957265,1.70940170940171,10.2564102564103,0,45.4545454545455,0,15.3846153846154,1,6,0,NA,NA,NA,NA,NA,NA,100,NA,NA,NA,NA,NA,NA,NA,NA,NA,97.9745054128673,NA,NA,0,NA,NA,14.2857142857143,37.7358490566038,0,249.996068755185,49.9992137510371,"Degraded"
"MNVD-632-R-1111","EAST","MIEGLE_2020",132,3,0.757575757575758,10.6060606060606,28.030303030303,3.03030303030303,7,30.7692307692308,3.78787878787879,75.7575757575758,1.51515151515152,18.1818181818182,3,0,0,4,23.4848484848485,1.51515151515152,6.81818181818182,0,53.8461538461538,0,10.6060606060606,1,3,0,NA,NA,NA,NA,NA,NA,64.1025641025641,NA,NA,NA,NA,NA,NA,NA,NA,NA,98.3803771100052,NA,NA,0,NA,NA,14.2857142857143,9.43396226415094,0,186.202617762435,37.2405235524869,"Degraded"
"NFHG-442-S-1111","EAST","MIEGLE_2020",116,0,6.89655172413793,9.48275862068965,90.5172413793103,0,8,3.33333333333333,9.48275862068965,62.0689655172414,40.5172413793103,35.3448275862069,19,0,46.6666666666667,1,18.9655172413793,0,0.862068965517241,12.9310344827586,26.6666666666667,0,16.3793103448276,6,21,39.6551724137931,NA,NA,NA,NA,NA,NA,100,NA,NA,NA,NA,NA,NA,NA,NA,NA,100,NA,NA,19.7795315044469,NA,NA,85.7142857142857,100,94.237577028976,499.731394247709,99.9462788495417,"Very good"
"NFHG-463-R-1111","EAST","MIEGLE_2020",142,0,9.15492957746479,9.15492957746479,69.7183098591549,0,9,17.6470588235294,0,14.7887323943662,14.7887323943662,78.169014084507,5,0,29.4117647058824,3,5.63380281690141,0.704225352112676,3.52112676056338,13.3802816901408,52.9411764705882,0,33.0985915492958,1,8,14.7887323943662,NA,NA,NA,NA,NA,NA,100,NA,NA,NA,NA,NA,NA,NA,NA,NA,100,NA,NA,0,NA,NA,14.2857142857143,56.6037735849057,35.1443260322391,306.033813902859,61.2067627805718,"Good"
"NFHG-511-S-1111","EAST","MIEGLE_2020",115,0,7.82608695652174,8.69565217391304,78.2608695652174,0,5,0,18.2608695652174,69.5652173913043,52.1739130434783,24.3478260869565,15,0,45.8333333333333,0,27.8260869565217,0,0,9.56521739130435,20.8333333333333,0,29.5652173913043,4,18,50.4347826086956,NA,NA,NA,NA,NA,NA,100,NA,NA,NA,NA,NA,NA,NA,NA,NA,100,NA,NA,41.7011148690968,NA,NA,57.1428571428571,100,100,498.843972011954,99.7687944023908,"Very good"
"NFHG-521-X-1111","EAST","MIEGLE_2020",110,0,3.63636363636364,12.7272727272727,58.1818181818182,0,12,9.67741935483871,7.27272727272727,28.1818181818182,17.2727272727273,55.4545454545455,10,0,19.3548387096774,3,16.3636363636364,1.81818181818182,3.63636363636364,0.909090909090909,38.7096774193548,0,33.6363636363636,5,19,15.4545454545455,NA,NA,NA,NA,NA,NA,100,NA,NA,NA,NA,NA,NA,NA,NA,NA,97.7472172624701,NA,NA,0,NA,NA,71.4285714285714,100,36.7265814033875,405.902370094429,81.1804740188858,"Very good"
"NFHG-522-X-1111","EAST","MIEGLE_2020",130,0,7.69230769230769,9.23076923076923,36.9230769230769,0,14,3.44827586206897,9.23076923076923,26.9230769230769,12.3076923076923,67.6923076923077,10,0,17.2413793103448,1,10,0,3.07692307692308,1.53846153846154,48.2758620689655,0,50.7692307692308,3,15,10.7692307692308,NA,NA,NA,NA,NA,NA,100,NA,NA,NA,NA,NA,NA,NA,NA,NA,100,NA,NA,0,NA,NA,42.8571428571429,100,25.5922784439895,368.449421301132,73.6898842602265,"Good"
"NIVD-431-R-1111","EAST","MIEGLE_2020",106,3,14.1509433962264,11.3207547169811,12.2641509433962,16.0377358490566,14,40.9090909090909,4.71698113207547,0,0,80.188679245283,0,0,0,9,1.88679245283019,15.0943396226415,35.8490566037736,0,63.6363636363636,0,58.4905660377358,0,4,0,NA,NA,NA,NA,NA,NA,30.3030303030303,NA,NA,NA,NA,NA,NA,NA,NA,NA,70.0076480931017,NA,NA,0,NA,NA,0,18.8679245283019,0,119.178602924434,23.8357205848868,"Severely degraded"
"NIVD-446-S-1111","EAST","MIEGLE_2020",128,2,0,0.78125,77.34375,8.59375,7,20,0.78125,0.78125,0.78125,96.09375,1,0,10,2,3.90625,0.78125,8.59375,0.78125,70,0,13.28125,0,4,0.78125,NA,NA,NA,NA,NA,NA,100,NA,NA,NA,NA,NA,NA,NA,NA,NA,99.9138111157543,NA,NA,0,NA,NA,0,18.8679245283019,1.85658269961977,220.638318343676,44.1276636687352,"Degraded"
"NIVD-535-R-1111","EAST","MIEGLE_2020",111,2,9.00900900900901,5.40540540540541,77.4774774774775,3.6036036036036,15,9.09090909090909,14.4144144144144,38.7387387387387,21.6216216216216,52.2522522522523,11,0,18.1818181818182,3,17.1171171171171,1.8018018018018,5.40540540540541,0.900900900900901,45.4545454545455,0,18.018018018018,7,18,18.9189189189189,NA,NA,NA,NA,NA,NA,100,NA,NA,NA,NA,NA,NA,NA,NA,NA,97.7814421190936,NA,NA,0,NA,NA,100,100,44.9594080772788,442.740850196372,88.5481700392745,"Very good"
"NIVK-531-S-1111","EAST","MIEGLE_2020",106,2,3.77358490566038,11.3207547169811,29.2452830188679,4.71698113207547,16,21.0526315789474,1.88679245283019,3.77358490566038,3.77358490566038,96.2264150943396,3,0,15.7894736842105,4,27.3584905660377,0.943396226415094,14.1509433962264,3.77358490566038,84.2105263157895,0,64.1509433962264,0,7,3.77358490566038,NA,NA,NA,NA,NA,NA,96.4912280701754,NA,NA,NA,NA,NA,NA,NA,NA,NA,99.5750183317696,NA,NA,0,NA,NA,0,47.1698113207547,8.96764473778607,252.203702460486,50.4407404920972,"Good"
"PBEE-448-R-1111","WESTSTEEP","MIEGLE_2020",117,0,4.27350427350427,20.5128205128205,29.9145299145299,0,7,15.7894736842105,18.8034188034188,41.025641025641,41.025641025641,55.5555555555556,8,0,31.5789473684211,3,0.854700854700855,36.7521367521367,39.3162393162393,21.3675213675214,36.8421052631579,0,66.6666666666667,1,9,23.0769230769231,NA,NA,NA,41.0505233250106,NA,NA,NA,NA,NA,100,NA,NA,NA,NA,NA,NA,NA,NA,NA,0,100,NA,14.2857142857143,NA,NA,255.336237610725,51.067247522145,"Good"
"PBEE-559-R-1111","WESTSTEEP","MIEGLE_2020",83,0,8.43373493975904,27.710843373494,43.3734939759036,0,13,0,6.02409638554217,34.9397590361446,31.3253012048193,56.6265060240964,8,0,20,0,0,0,0,25.3012048192771,52,0,50.6024096385542,5,13,8.43373493975904,NA,NA,NA,60.3520636396151,NA,NA,NA,NA,NA,96.1488680319806,NA,NA,NA,NA,NA,NA,NA,NA,NA,0,100,NA,71.4285714285714,NA,NA,327.929503100167,65.5859006200334,"Good"
"PBKA-553-S-1111","WESTSTEEP","MIEGLE_2020",141,1,2.83687943262411,34.7517730496454,58.1560283687943,2.12765957446809,17,21.4285714285714,10.6382978723404,23.4042553191489,2.83687943262411,51.063829787234,6,0,3.57142857142857,6,20.5673758865248,0.709219858156028,26.241134751773,0.709219858156028,60.7142857142857,0,41.1347517730496,2,13,0.709219858156028,NA,NA,NA,81.55174009579,NA,NA,NA,NA,NA,8.70742612837358,NA,NA,NA,NA,NA,NA,NA,NA,NA,0,100,NA,28.5714285714286,NA,NA,218.830594795592,43.7661189591184,"Degraded"
"PXLM-431-X-1111","WESTSTEEP","MIEGLE_2020",115,0,1.73913043478261,37.3913043478261,37.3913043478261,0,10,13.3333333333333,0,36.5217391304348,36.5217391304348,57.3913043478261,2,0,6.66666666666667,2,2.60869565217391,12.1739130434783,13.0434782608696,34.7826086956522,66.6666666666667,0,80,1,3,34.7826086956522,NA,NA,NA,51.772987735302,NA,NA,NA,NA,NA,100,NA,NA,NA,NA,NA,NA,NA,NA,NA,0,100,NA,14.2857142857143,NA,NA,266.058702021016,53.2117404042033,"Good"
"PXLM-432-X-1111","WESTSTEEP","MIEGLE_2020",136,1,1.47058823529412,44.1176470588235,57.3529411764706,0.735294117647059,11,22.2222222222222,0.735294117647059,44.1176470588235,44.1176470588235,51.4705882352941,3,0,11.1111111111111,4,6.61764705882353,3.67647058823529,12.5,43.3823529411765,61.1111111111111,0,77.9411764705882,1,5,43.3823529411765,NA,NA,NA,80.4000303692393,NA,NA,NA,NA,NA,100,NA,NA,NA,NA,NA,NA,NA,NA,NA,0,100,NA,14.2857142857143,NA,NA,294.685744654954,58.9371489309907,"Good"
"PXLM-434-X-1111","WESTSTEEP","MIEGLE_2020",104,0,0,12.5,10.5769230769231,0,7,0,0,0,0,100,0,0,0,0,0,0,0,0,100,0,76.9230769230769,0,3,0,NA,NA,NA,13.3184039537116,NA,NA,NA,NA,NA,0,NA,NA,NA,NA,NA,NA,NA,NA,NA,0,100,NA,0,NA,NA,113.318403953712,22.6636807907423,"Severely degraded"
"PXLM-435-X-1111","WESTSTEEP","MIEGLE_2020",133,0,0,8.27067669172932,32.3308270676692,0,6,15.3846153846154,0,8.27067669172932,8.27067669172932,84.9624060150376,2,0,15.3846153846154,2,0,0,1.50375939849624,8.27067669172932,46.1538461538462,0,70.6766917293233,0,4,8.27067669172932,NA,NA,NA,44.5157422453308,NA,NA,NA,NA,NA,25.3857479795252,NA,NA,NA,NA,NA,NA,NA,NA,NA,0,100,NA,0,NA,NA,169.901490224856,33.9802980449712,"Degraded"
"PXLM-436-X-1111","WESTSTEEP","MIEGLE_2020",121,0,0,23.9669421487603,61.1570247933884,0,3,0,0,23.9669421487603,23.9669421487603,75.2066115702479,1,0,20,0,0,0,0,23.9669421487603,60,0,61.9834710743802,0,3,23.9669421487603,NA,NA,NA,85.8554779770378,NA,NA,NA,NA,NA,73.5633583448752,NA,NA,NA,NA,NA,NA,NA,NA,NA,0,100,NA,0,NA,NA,259.418836321913,51.8837672643826,"Good"
"PXLM-437-X-1111","WESTSTEEP","MIEGLE_2020",117,0,4.27350427350427,25.6410256410256,75.2136752136752,0,8,13.3333333333333,3.41880341880342,25.6410256410256,25.6410256410256,62.3931623931624,3,0,13.3333333333333,2,0,0.854700854700855,1.70940170940171,23.9316239316239,53.3333333333333,0,40.1709401709402,1,6,23.9316239316239,NA,NA,NA,100,NA,NA,NA,NA,NA,78.7017361602997,NA,NA,NA,NA,NA,NA,NA,NA,NA,0,100,NA,14.2857142857143,NA,NA,292.987450446014,58.5974900892028,"Good"
"PXLM-438-X-1111","WESTSTEEP","MIEGLE_2020",118,2,0,15.2542372881356,79.6610169491525,2.54237288135593,6,18.1818181818182,3.38983050847458,15.2542372881356,15.2542372881356,75.4237288135593,3,0,9.09090909090909,2,0.847457627118644,0.847457627118644,2.54237288135593,12.7118644067797,54.5454545454545,0,22.0338983050847,2,4,12.7118644067797,NA,NA,NA,100,NA,NA,NA,NA,NA,46.8208633767207,NA,NA,NA,NA,NA,NA,NA,NA,NA,0,100,NA,28.5714285714286,NA,NA,275.392291948149,55.0784583896299,"Good"
"PXLM-439-X-1111","WESTSTEEP","MIEGLE_2020",137,0,2.91970802919708,0.72992700729927,5.10948905109489,0,7,40,0,0,0,95.6204379562044,0,0,0,4,2.91970802919708,0,13.1386861313869,0,70,0,75.9124087591241,0,1,0,NA,NA,NA,5.4775405866842,NA,NA,NA,NA,NA,0,NA,NA,NA,NA,NA,NA,NA,NA,NA,0,100,NA,0,NA,NA,105.477540586684,21.0955081173368,"Severely degraded"
"PXLM-443-X-1111","WESTSTEEP","MIEGLE_2020",119,1,4.20168067226891,16.8067226890756,58.8235294117647,1.68067226890756,8,23.5294117647059,3.36134453781513,11.7647058823529,11.7647058823529,78.1512605042017,3,0,23.5294117647059,4,1.68067226890756,5.04201680672269,10.9243697478992,9.2436974789916,47.0588235294118,0,47.0588235294118,1,6,10.9243697478992,NA,NA,NA,82.5090053230528,NA,NA,NA,NA,NA,36.1102083559022,NA,NA,NA,NA,NA,NA,NA,NA,NA,0,100,NA,14.2857142857143,NA,NA,232.904927964669,46.5809855929339,"Degraded"
"PXLM-447-R-1111","WESTSTEEP","MIEGLE_2020",111,0,9.00900900900901,28.8288288288288,42.3423423423423,0,12,18.1818181818182,1.8018018018018,25.2252252252252,25.2252252252252,67.5675675675676,5,0,13.6363636363636,4,9.00900900900901,0.900900900900901,9.00900900900901,22.5225225225225,54.5454545454545,0,69.3693693693694,2,6,22.5225225225225,NA,NA,NA,58.8732860208552,NA,NA,NA,NA,NA,77.4254917901327,NA,NA,NA,NA,NA,NA,NA,NA,NA,0,100,NA,28.5714285714286,NA,NA,264.870206382416,52.9740412764833,"Good"
"PXLM-NANANA-X-1111","WESTSTEEP","MIEGLE_2020",121,0,1.65289256198347,21.4876033057851,47.9338842975207,0,5,0,1.65289256198347,22.3140495867769,22.3140495867769,78.5123966942149,3,0,14.2857142857143,0,0,0,0,20.6611570247934,71.4285714285714,0,71.900826446281,1,4,20.6611570247934,NA,NA,NA,66.8921329377896,NA,NA,NA,NA,NA,68.4900232866079,NA,NA,NA,NA,NA,NA,NA,NA,NA,0,100,NA,14.2857142857143,NA,NA,249.667870510112,49.9335741020224,"Degraded"
"RHNZ-765-S-1111","WESTSTEEP","MIEGLE_2020",114,0,0.87719298245614,3.50877192982456,92.9824561403509,0,3,3.84615384615385,7.89473684210526,71.0526315789474,56.140350877193,22.8070175438597,18,0,38.4615384615385,1,40.3508771929825,0,0.87719298245614,2.63157894736842,11.5384615384615,0,7.89473684210526,7,21,51.7543859649123,NA,NA,NA,100,NA,NA,NA,NA,NA,100,NA,NA,NA,NA,NA,NA,NA,NA,NA,62.6587005227782,100,NA,100,NA,NA,462.658700522778,92.5317401045556,"Very good"
"SXDB-534-X-1111","WESTSTEEP","MIEGLE_2020",114,1,9.64912280701754,43.859649122807,76.3157894736842,0.87719298245614,16,11.7647058823529,21.0526315789474,44.7368421052632,38.5964912280702,42.1052631578947,11,0,20.5882352941176,4,21.0526315789474,0.87719298245614,5.26315789473684,28.0701754385965,47.0588235294118,0,42.9824561403509,4,17,38.5964912280702,NA,NA,NA,100,NA,NA,NA,NA,NA,100,NA,NA,NA,NA,NA,NA,NA,NA,NA,0,100,NA,57.1428571428571,NA,NA,357.142857142857,71.4285714285714,"Good"
"SXDB-634-X-1111","WESTSTEEP","MIEGLE_2020",110,2,23.6363636363636,22.7272727272727,46.3636363636364,1.81818181818182,15,20.5882352941176,21.8181818181818,38.1818181818182,32.7272727272727,51.8181818181818,11,0,11.7647058823529,7,5.45454545454545,8.18181818181818,20.9090909090909,19.0909090909091,44.1176470588235,0,56.3636363636364,4,11,20.9090909090909,NA,NA,NA,64.6402357143789,NA,NA,NA,NA,NA,100,NA,NA,NA,NA,NA,NA,NA,NA,NA,0,100,NA,57.1428571428571,NA,NA,321.783092857236,64.3566185714472,"Good"
"TGMB-434-S-1111","MIDSIZEDRY","MIEGLE_2020",128,0,3.125,25.78125,87.5,0,8,0,12.5,75.78125,59.375,23.4375,16,0,36,0,23.4375,0,0,27.34375,32,0,29.6875,5,19,53.125,100,0,40.2465133349645,100,100,0,100,NA,NA,NA,NA,NA,NA,NA,NA,NA,NA,NA,NA,NA,NA,NA,NA,NA,NA,440.246513334965,62.8923590478521,"Good"
"TMDB-336-X-1111","MIDSIZEDRY","MIEGLE_2020",121,1,4.13223140495868,10.7438016528926,30.5785123966942,0.826446280991736,17,4.54545454545455,14.8760330578512,10.7438016528926,9.09090909090909,80.1652892561983,4,0,4.54545454545455,1,11.5702479338843,0.826446280991736,0.826446280991736,0,77.2727272727273,0,48.7603305785124,3,7,8.26446280991735,100,4.09698536187773,77.0398785101723,19.9223805111053,99.4962752288514,0,100,NA,NA,NA,NA,NA,NA,NA,NA,NA,NA,NA,NA,NA,NA,NA,NA,NA,NA,400.555519612007,57.2222170874295,"Good"
"TMDB-434-X-1111","MIDSIZEDRY","MIEGLE_2020",116,0,1.72413793103448,20.6896551724138,67.2413793103448,0,12,5,18.1034482758621,35.3448275862069,4.31034482758621,56.0344827586207,6,0,10,1,7.75862068965517,0,0.862068965517241,2.58620689655172,60,0,28.448275862069,4,12,4.31034482758621,100,0,52.7045383596433,79.8486095298216,100,0,100,NA,NA,NA,NA,NA,NA,NA,NA,NA,NA,NA,NA,NA,NA,NA,NA,NA,NA,432.553147889465,61.7933068413521,"Good"
"TMDB-435-X-1111","MIDSIZEDRY","MIEGLE_2020",125,0,0,0,1.6,0,12,7.69230769230769,4.8,0,0,99.2,0,0,0,1,0.8,0,5.6,0,92.3076923076923,0,61.6,0,2,0,100,0,100,0,100,0,100,NA,NA,NA,NA,NA,NA,NA,NA,NA,NA,NA,NA,NA,NA,NA,NA,NA,NA,400,57.1428571428571,"Good"
"TMDB-437-R-1111","MIDSIZEDRY","MIEGLE_2020",118,0,5.08474576271186,6.77966101694915,72.0338983050847,0,13,3.7037037037037,3.38983050847458,51.6949152542373,27.9661016949153,43.2203389830508,10,0,22.2222222222222,1,5.93220338983051,0,0.847457627118644,5.08474576271186,48.1481481481481,0,31.3559322033898,6,18,27.1186440677966,100,8.32850183346008,86.7392683705673,87.6820828785302,100,0,100,NA,NA,NA,NA,NA,NA,NA,NA,NA,NA,NA,NA,NA,NA,NA,NA,NA,NA,482.749853082558,68.9642647260796,"Good"
"TMDB-439-R-1111","MIDSIZEDRY","MIEGLE_2020",122,0,0.819672131147541,16.3934426229508,23.7704918032787,0,9,0,9.01639344262295,8.19672131147541,4.91803278688525,87.7049180327869,4,0,11.7647058823529,0,1.63934426229508,0,0,4.0983606557377,52.9411764705882,0,67.2131147540984,3,10,4.91803278688525,100,0,63.2164359604825,8.79452730186121,100,0,100,NA,NA,NA,NA,NA,NA,NA,NA,NA,NA,NA,NA,NA,NA,NA,NA,NA,NA,372.010963262344,53.144423323192,"Good"
"TMDB-635-R-1111","MIDSIZEDRY","MIEGLE_2020",114,0,3.50877192982456,4.3859649122807,78.0701754385965,0,9,13.0434782608696,3.50877192982456,57.8947368421053,14.0350877192982,24.5614035087719,7,0,17.3913043478261,3,0,0,3.50877192982456,1.75438596491228,39.1304347826087,0,15.7894736842105,3,11,13.1578947368421,100,1.32728533906957,92.5961220643976,97.5485051301022,100,0,89.6840041517703,NA,NA,NA,NA,NA,NA,NA,NA,NA,NA,NA,NA,NA,NA,NA,NA,NA,NA,481.15591668534,68.7365595264771,"Good"
"TMDB-636-R-1111","MIDSIZEDRY","MIEGLE_2020",111,1,0.900900900900901,3.6036036036036,77.4774774774775,2.7027027027027,8,15,2.7027027027027,49.5495495495495,16.2162162162162,21.6216216216216,8,0,30,3,3.6036036036036,2.7027027027027,4.5045045045045,2.7027027027027,40,0,22.5225225225225,4,11,16.2162162162162,100,0,94.5103900083102,96.5797278154258,95.8108373547384,0,81.0344827586207,NA,NA,NA,NA,NA,NA,NA,NA,NA,NA,NA,NA,NA,NA,NA,NA,NA,NA,467.935437937095,66.8479197052993,"Good"
"TUIZ-537-R-1111","MIDSIZEDRY","MIEGLE_2020",124,0,10.4838709677419,49.1935483870968,38.7096774193548,0,18,19.047619047619,18.5483870967742,4.03225806451613,4.03225806451613,96.7741935483871,2,0,0,4,0,6.45161290322581,52.4193548387097,0,85.7142857142857,0,50,1,6,0,100,32.3139536550064,0,33.2129411888768,100,0,63.1404993473959,NA,NA,NA,NA,NA,NA,NA,NA,NA,NA,NA,NA,NA,NA,NA,NA,NA,NA,328.667394191279,46.9524848844684,"Degraded"
"UBKW-4310-R-1111","MIDSIZEDRY","MIEGLE_2020",132,0,5.3030303030303,2.27272727272727,3.78787878787879,0,13,5.55555555555556,3.03030303030303,1.51515151515152,0,93.9393939393939,1,0,5.55555555555556,1,12.8787878787879,0.757575757575758,0.757575757575758,0,72.2222222222222,0,90.1515151515152,1,4,0.757575757575758,100,9.2982243581977,97.7667548991258,0,100,0,100,NA,NA,NA,NA,NA,NA,NA,NA,NA,NA,NA,NA,NA,NA,NA,NA,NA,NA,407.064979257324,58.1521398939034,"Good"
"UKXM-434-R-1111","MIDSIZEDRY","MIEGLE_2020",120,0,7.5,33.3333333333333,72.5,0,15,6.66666666666667,33.3333333333333,32.5,20,64.1666666666667,11,0,23.3333333333333,2,11.6666666666667,2.5,3.33333333333333,5,50,0,25,5,17,10,100,19.0581963571746,21.7682081396297,88.4439359267735,100,0,100,NA,NA,NA,NA,NA,NA,NA,NA,NA,NA,NA,NA,NA,NA,NA,NA,NA,NA,429.270340423578,61.3243343462254,"Good"
"UKXM-436-R-1111","MIDSIZEDRY","MIEGLE_2020",127,1,5.51181102362205,70.0787401574803,87.4015748031496,3.1496062992126,11,10.5263157894737,1.5748031496063,75.5905511811024,75.5905511811024,23.6220472440945,7,0,31.5789473684211,2,3.93700787401575,1.5748031496063,4.7244094488189,73.2283464566929,57.8947368421053,0,70.0787401574803,2,11,66.9291338582677,100,10.2257264487874,0,100,94.9330066799988,0,100,NA,NA,NA,NA,NA,NA,NA,NA,NA,NA,NA,NA,NA,NA,NA,NA,NA,NA,405.158733128786,57.879819018398,"Good"
"UKXM-4410-R-1111","MIDSIZEDRY","MIEGLE_2020",111,0,26.1261261261261,31.5315315315315,49.5495495495495,0,10,8.33333333333333,10.8108108108108,27.9279279279279,24.3243243243243,55.8558558558559,4,0,4.16666666666667,2,0,6.30630630630631,7.20720720720721,22.5225225225225,41.6666666666667,0,41.4414414414414,2,10,0.900900900900901,100,100,26.1768252225801,50.9309407478744,100,0,100,NA,NA,NA,NA,NA,NA,NA,NA,NA,NA,NA,NA,NA,NA,NA,NA,NA,NA,477.107765970454,68.1582522814935,"Good"
"UKXM-NANANA-R-1111","MIDSIZEDRY","MIEGLE_2020",116,0,6.89655172413793,11.2068965517241,52.5862068965517,0,10,7.40740740740741,9.48275862068965,68.1034482758621,55.1724137931034,25,13,0,25.9259259259259,2,51.7241379310345,1.72413793103448,2.58620689655172,6.03448275862069,37.037037037037,0,48.2758620689655,6,18,14.6551724137931,100,16.3773954870632,75.9067860246534,55.8944212104474,100,0,100,NA,NA,NA,NA,NA,NA,NA,NA,NA,NA,NA,NA,NA,NA,NA,NA,NA,NA,448.178602722164,64.0255146745949,"Good"
"URGN-5310-R-1111","MIDSIZEDRY","MIEGLE_2020",115,3,20,0,20.8695652173913,2.60869565217391,18,17.8571428571429,28.695652173913,3.47826086956522,2.60869565217391,46.0869565217391,3,0,0,5,15.6521739130435,2.60869565217391,40,0,64.2857142857143,0,65.2173913043478,3,8,0,71.4285714285714,74.5890715237672,100,4.05290163025712,95.9954907637519,0,68.403435644815,NA,NA,NA,NA,NA,NA,NA,NA,NA,NA,NA,NA,NA,NA,NA,NA,NA,NA,414.469470991163,59.2099244273089,"Good"
"URGN-634-R-1111","MIDSIZEDRY","MIEGLE_2020",111,0,23.4234234234234,4.5045045045045,35.1351351351351,0,13,10,25.2252252252252,6.30630630630631,5.40540540540541,58.5585585585586,3,0,5,2,8.10810810810811,1.8018018018018,30.6306306306306,0,65,0,57.6576576576577,1,9,1.8018018018018,100,89.7975274252484,92.3060814668351,27.3702764549447,100,0,100,NA,NA,NA,NA,NA,NA,NA,NA,NA,NA,NA,NA,NA,NA,NA,NA,NA,NA,509.473885347028,72.781983621004,"Good"
"URGN-639-R-1111","MIDSIZEDRY","MIEGLE_2020",115,0,9.56521739130435,15.6521739130435,37.3913043478261,0,13,0,12.1739130434783,5.21739130434783,0,93.9130434782609,2,0,0,0,13.0434782608696,0,0,0,81.25,0,44.3478260869565,2,9,0,100,28.2328626890464,65.030159253625,31.0580326051424,100,0,100,NA,NA,NA,NA,NA,NA,NA,NA,NA,NA,NA,NA,NA,NA,NA,NA,NA,NA,424.321054547814,60.6172935068305,"Good"
"UTVD-434-R-1111","MIDSIZEDRY","MIEGLE_2020",123,1,35.7723577235772,1.6260162601626,4.8780487804878,39.8373983739837,10,15.3846153846154,42.2764227642276,3.2520325203252,0,94.3089430894309,1,0,0,2,39.8373983739837,39.8373983739837,40.650406504065,0,76.9230769230769,0,47.9674796747967,1,3,0,100,100,99.349116074963,0,22.8689876763234,0,79.3341494933007,NA,NA,NA,NA,NA,NA,NA,NA,NA,NA,NA,NA,NA,NA,NA,NA,NA,NA,401.552253244587,57.3646076063696,"Good"
"UTVD-438-R-1111","MIDSIZEDRY","MIEGLE_2020",117,0,5.12820512820513,7.69230769230769,58.1196581196581,0,4,11.1111111111111,0,48.7179487179487,1.70940170940171,44.4444444444444,3,0,11.1111111111111,1,0,0,5.12820512820513,0,44.4444444444444,0,37.6068376068376,3,5,1.70940170940171,100,8.52156876146215,84.5062204739229,64.9389639092156,100,20,98.2267413301896,NA,NA,NA,NA,NA,NA,NA,NA,NA,NA,NA,NA,NA,NA,NA,NA,NA,NA,476.19349447479,68.0276420678272,"Good"
"UTVD-444-R-1111","MIDSIZEDRY","MIEGLE_2020",132,0,9.09090909090909,21.2121212121212,39.3939393939394,0,10,12.5,25.7575757575758,5.3030303030303,0.757575757575758,77.2727272727273,2,0,6.25,2,0,0,20.4545454545455,0,62.5,0,40.1515151515151,2,7,0.757575757575758,100,26.1257622874682,51.4261776067502,34.3313818142193,100,0,92.0866489832007,NA,NA,NA,NA,NA,NA,NA,NA,NA,NA,NA,NA,NA,NA,NA,NA,NA,NA,403.969970691638,57.7099958130912,"Good"
"UXED-432-R-1111","MIDSIZEDRY","MIEGLE_2020",126,2,22.2222222222222,15.8730158730159,65.0793650793651,1.58730158730159,12,11.4285714285714,7.14285714285714,42.8571428571429,26.1904761904762,33.3333333333333,15,0,28.5714285714286,4,23.015873015873,2.38095238095238,3.17460317460317,7.93650793650794,34.2857142857143,0,42.8571428571429,7,23,22.2222222222222,85.7142857142857,84.4612271089392,64.4898070148865,76.3147516825189,98.0017647077164,0,96.8232916508778,NA,NA,NA,NA,NA,NA,NA,NA,NA,NA,NA,NA,NA,NA,NA,NA,NA,NA,505.805127879225,72.2578754113178,"Good"
"UXED-636-R-1111","MIDSIZEDRY","MIEGLE_2020",111,0,0.900900900900901,0,79.2792792792793,0,7,6.66666666666667,0,62.1621621621622,7.20720720720721,29.7297297297297,7,0,33.3333333333333,1,6.30630630630631,0.900900900900901,0.900900900900901,0,46.6666666666667,0,20.7207207207207,5,10,7.20720720720721,100,0,100,99.524810852042,100,0,100,NA,NA,NA,NA,NA,NA,NA,NA,NA,NA,NA,NA,NA,NA,NA,NA,NA,NA,499.524810852042,71.3606872645774,"Good"
"UXED-638-R-1111","MIDSIZEDRY","MIEGLE_2020",120,0,1.66666666666667,7.5,79.1666666666667,0,7,4.54545454545455,0.833333333333333,62.5,17.5,22.5,9,0,27.2727272727273,1,5.83333333333333,0,0.833333333333333,0,31.8181818181818,0,25.8333333333333,7,16,15.8333333333333,100,0,84.9767555664301,99.3407431622535,100,0,100,NA,NA,NA,NA,NA,NA,NA,NA,NA,NA,NA,NA,NA,NA,NA,NA,NA,NA,484.317498728684,69.1882141040977,"Good"
"UXED-NANANA-R-1111","MIDSIZEDRY","MIEGLE_2020",129,1,0.775193798449612,3.10077519379845,62.7906976744186,0.775193798449612,6,5.88235294117647,0,60.4651162790698,10.077519379845,37.2093023255814,8,0,29.4117647058824,1,3.87596899224806,0,0.775193798449612,0,35.2941176470588,0,36.4341085271318,6,10,7.75193798449612,100,0,95.7407017523894,72.5738765518447,99.5969479504034,0,100,NA,NA,NA,NA,NA,NA,NA,NA,NA,NA,NA,NA,NA,NA,NA,NA,NA,NA,467.911526254638,66.8445037506625,"Good"
"VAKB-438-R-1111","MIDSIZEDRY","MIEGLE_2020",118,1,4.23728813559322,2.54237288135593,44.0677966101695,1.69491525423729,15,7.40740740740741,10.1694915254237,5.93220338983051,1.69491525423729,72.0338983050847,5,0,7.40740740740741,2,27.1186440677966,1.69491525423729,4.23728813559322,0,55.5555555555556,0,50,2,15,1.69491525423729,100,4.56369673741991,97.1069907478446,41.9708999839318,97.7903844937394,0,100,NA,NA,NA,NA,NA,NA,NA,NA,NA,NA,NA,NA,NA,NA,NA,NA,NA,NA,441.431971962936,63.0617102804194,"Good"
"VHGH-434-R-1111","MIDSIZEDRY","MIEGLE_2020",135,0,0.740740740740741,31.1111111111111,7.40740740740741,0,3,20,0,5.92592592592593,2.22222222222222,60.7407407407407,4,0,20,2,2.96296296296296,59.2592592592593,90.3703703703704,0,30,0,91.8518518518518,4,5,2.22222222222222,100,0,27.2055025419351,0,100,40,58.9301503094607,NA,NA,NA,NA,NA,NA,NA,NA,NA,NA,NA,NA,NA,NA,NA,NA,NA,NA,326.135652851396,46.5908075501994,"Degraded"
"VHGH-555-R-1111","MIDSIZEDRY","MIEGLE_2020",114,1,2.63157894736842,14.9122807017544,28.9473684210526,1.75438596491228,13,29.4117647058824,16.6666666666667,8.7719298245614,0,88.5964912280702,1,0,0,5,0,0,5.26315789473684,0,76.4705882352941,0,64.0350877192982,1,4,0,100,0,66.8405170008457,17.2562412897232,97.673569112331,0,17.3219951110418,NA,NA,NA,NA,NA,NA,NA,NA,NA,NA,NA,NA,NA,NA,NA,NA,NA,NA,299.092322513942,42.7274746448488,"Degraded"
"VHGH-645-R-1111","MIDSIZEDRY","MIEGLE_2020",118,0,0.847457627118644,5.93220338983051,29.6610169491525,0,11,14.2857142857143,11.0169491525424,20.3389830508475,2.54237288135593,73.728813559322,4,0,4.76190476190476,3,1.69491525423729,0,2.54237288135593,2.54237288135593,52.3809523809524,0,54.2372881355932,2,9,2.54237288135593,100,0,88.8128128460227,18.4227148564115,100,0,84.1922445370721,NA,NA,NA,NA,NA,NA,NA,NA,NA,NA,NA,NA,NA,NA,NA,NA,NA,NA,391.427772239506,55.9182531770723,"Good"
"VHKL-435-S-1111","MIDSIZEDRY","MIEGLE_2020",116,0,4.31034482758621,30.1724137931034,87.0689655172414,0,9,11.7647058823529,6.03448275862069,31.8965517241379,31.8965517241379,62.9310344827586,5,0,23.5294117647059,2,2.58620689655172,0,3.44827586206897,25,52.9411764705882,0,40.5172413793103,2,8,26.7241379310345,100,4.88824890087165,29.5022906946331,100,100,0,95.3372861080772,NA,NA,NA,NA,NA,NA,NA,NA,NA,NA,NA,NA,NA,NA,NA,NA,NA,NA,429.727825703582,61.389689386226,"Good"
"VHKL-NANANA-S-1111","MIDSIZEDRY","MIEGLE_2020",116,0,4.31034482758621,25,87.9310344827586,0,9,14.2857142857143,0.862068965517241,29.3103448275862,29.3103448275862,62.9310344827586,6,0,23.8095238095238,3,4.31034482758621,0,6.03448275862069,23.2758620689655,42.8571428571429,0,28.448275862069,2,10,28.448275862069,100,4.88824890087165,42.158062148275,100,100,0,84.1922445370721,NA,NA,NA,NA,NA,NA,NA,NA,NA,NA,NA,NA,NA,NA,NA,NA,NA,NA,431.238555586219,61.6055079408884,"Good"
"VTMH-4310-X-1111","MIDSIZEDRY","MIEGLE_2020",127,0,16.5354330708661,11.8110236220472,55.9055118110236,0,17,9.52380952380952,10.2362204724409,7.8740157480315,1.5748031496063,88.1889763779528,3,0,0,2,0,0,4.7244094488189,0,80.9523809523809,0,37.007874015748,0,7,0,100,59.1978368319242,74.4286184926664,61.3198950817647,100,0,100,NA,NA,NA,NA,NA,NA,NA,NA,NA,NA,NA,NA,NA,NA,NA,NA,NA,NA,494.946350406355,70.7066214866222,"Good"
"VTMH-534-X-1111","MIDSIZEDRY","MIEGLE_2020",143,0,6.29370629370629,2.7972027972028,17.4825174825175,0,23,6.66666666666667,3.4965034965035,6.99300699300699,2.7972027972028,87.4125874125874,6,0,6.66666666666667,2,6.29370629370629,0.699300699300699,4.89510489510489,0.699300699300699,76.6666666666667,0,72.027972027972,4,11,2.0979020979021,100,13.6992727396992,96.4834773741062,0,100,0,100,NA,NA,NA,NA,NA,NA,NA,NA,NA,NA,NA,NA,NA,NA,NA,NA,NA,NA,410.182750113805,58.5975357305436,"Good"
"VTMH-535-X-1111","MIDSIZEDRY","MIEGLE_2020",148,1,12.1621621621622,0,18.9189189189189,0.675675675675676,22,6.25,6.75675675675676,10.8108108108108,2.7027027027027,82.4324324324324,6,0,6.25,2,4.72972972972973,0,5.40540540540541,0,68.75,0,68.2432432432432,3,11,2.02702702702703,100,39.7697119598497,100,0.86452912539869,99.7924264865927,0,100,NA,NA,NA,NA,NA,NA,NA,NA,NA,NA,NA,NA,NA,NA,NA,NA,NA,NA,440.426667571841,62.9180953674059,"Good"
"VTMH-536-X-1111","MIDSIZEDRY","MIEGLE_2020",137,0,8.75912408759124,0,32.1167883211679,0,15,8.33333333333333,3.64963503649635,13.1386861313869,2.18978102189781,82.4817518248175,5,0,0,2,2.91970802919708,0,8.75912408759124,0,62.5,0,56.2043795620438,3,8,0,100,24.6518173593569,100,22.4367249447007,100,0,100,NA,NA,NA,NA,NA,NA,NA,NA,NA,NA,NA,NA,NA,NA,NA,NA,NA,NA,447.088542304058,63.8697917577225,"Good"
"VTMH-537-X-1111","MIDSIZEDRY","MIEGLE_2020",113,1,8.84955752212389,1.76991150442478,17.6991150442478,0.884955752212389,18,13.6363636363636,2.65486725663717,0.884955752212389,0,94.6902654867257,1,0,0,3,1.76991150442478,2.65486725663717,9.73451327433628,0,81.8181818181818,0,66.3716814159292,1,6,0,100,25.0535651804704,98.9970357121978,0,99.3813479626549,0,87.0629370629371,NA,NA,NA,NA,NA,NA,NA,NA,NA,NA,NA,NA,NA,NA,NA,NA,NA,NA,410.49488591826,58.6421265597514,"Good"
"VTMH-538-X-1111","MIDSIZEDRY","MIEGLE_2020",127,0,5.51181102362205,2.36220472440945,18.1102362204724,0,15,18.75,3.93700787401575,1.5748031496063,1.5748031496063,95.2755905511811,1,0,0,3,0,0,26.7716535433071,0,93.75,0,57.4803149606299,0,3,0,100,10.2257264487874,97.547823037902,0,100,0,64.4562334217507,NA,NA,NA,NA,NA,NA,NA,NA,NA,NA,NA,NA,NA,NA,NA,NA,NA,NA,372.22978290844,53.1756832726343,"Good"
"VTMH-539-X-1111","MIDSIZEDRY","MIEGLE_2020",126,1,12.6984126984127,30.952380952381,54.7619047619048,0.793650793650794,13,17.6470588235294,3.17460317460317,0.793650793650794,0,85.7142857142857,1,0,0,3,0.793650793650794,0,27.7777777777778,0,76.4705882352941,0,26.1904761904762,0,5,0,100,42.1519888867734,27.5938807135284,59.450645246657,99.5606937857969,0,69.3321891090654,NA,NA,NA,NA,NA,NA,NA,NA,NA,NA,NA,NA,NA,NA,NA,NA,NA,NA,398.089397741821,56.8699139631173,"Good"
"WHNU-436-R-1111","MIDSIZEDRY","MIEGLE_2020",122,0,8.19672131147541,22.1311475409836,85.2459016393443,0,9,0,6.55737704918033,72.9508196721311,72.1311475409836,22.1311475409836,8,0,30,0,40.1639344262295,0,0,26.2295081967213,45,0,31.1475409836066,3,10,66.3934426229508,100,22.1533598910502,49.1775200856775,100,100,0,100,NA,NA,NA,NA,NA,NA,NA,NA,NA,NA,NA,NA,NA,NA,NA,NA,NA,NA,471.330879976728,67.3329828538183,"Good"
"WHNU-442-R-1111","MIDSIZEDRY","MIEGLE_2020",115,0,10.4347826086957,8.69565217391304,73.0434782608696,0,12,4.34782608695652,1.73913043478261,14.7826086956522,11.304347826087,78.2608695652174,7,0,26.0869565217391,1,3.47826086956522,0,1.73913043478261,6.95652173913043,52.1739130434783,0,29.5652173913043,2,10,11.304347826087,100,32.0958800919398,82.0512547738854,89.3322626035789,100,0,100,NA,NA,NA,NA,NA,NA,NA,NA,NA,NA,NA,NA,NA,NA,NA,NA,NA,NA,503.479397469404,71.9256282099149,"Good"
"WHNU-446-R-1111","MIDSIZEDRY","MIEGLE_2020",115,0,4.34782608695652,5.21739130434783,33.0434782608696,0,15,0,0.869565217391304,13.0434782608696,13.0434782608696,83.4782608695652,4,0,17.3913043478261,0,12.1739130434783,0,0,2.60869565217391,65.2173913043478,0,65.2173913043478,2,11,13.0434782608696,100,5.05475827168601,90.5618025340156,23.9514191906989,100,0,100,NA,NA,NA,NA,NA,NA,NA,NA,NA,NA,NA,NA,NA,NA,NA,NA,NA,NA,419.5679799964,59.9382828566286,"Good"
"WHNU-541-R-1111","NARROW","MIEGLE_2020",115,0,5.21739130434783,4.34782608695652,77.3913043478261,0,10,0,0.869565217391304,40,30.4347826086957,53.0434782608696,12,0,33.3333333333333,0,12.1739130434783,0,0,4.34782608695652,37.037037037037,0,23.4782608695652,4,16,29.5652173913043,NA,NA,95.0104608027567,NA,NA,NA,100,97.2907292894781,43.2465068138692,NA,0,NA,NA,NA,NA,NA,NA,NA,NA,NA,NA,NA,NA,NA,NA,335.547696906104,67.1095393812208,"Good"
"WHNU-554-R-1111","NARROW","MIEGLE_2020",107,0,0.934579439252336,10.2803738317757,53.2710280373832,0,12,13.0434782608696,0,40.1869158878505,29.9065420560748,54.2056074766355,7,0,21.7391304347826,3,4.67289719626168,0,5.60747663551402,7.47663551401869,52.1739130434783,0,50.4672897196262,3,11,29.9065420560748,NA,NA,83.0158232273035,NA,NA,NA,81.320082815735,100,43.5689423630334,NA,0,NA,NA,NA,NA,NA,NA,NA,NA,NA,NA,NA,NA,NA,NA,307.904848406072,61.5809696812144,"Good"
"WHNU-558-R-1111","NARROW","MIEGLE_2020",121,1,1.65289256198347,5.78512396694215,57.8512396694215,17.3553719008264,12,14.2857142857143,1.65289256198347,6.61157024793388,0.826446280991736,65.2892561983471,3,0,4.76190476190476,3,19.0082644628099,0,23.1404958677686,0,57.1428571428571,0,19.0082644628099,3,12,0.826446280991736,NA,NA,92.10448045503,NA,NA,NA,76.5877551020408,92.9557688877506,0,NA,0,NA,NA,NA,NA,NA,NA,NA,NA,NA,NA,NA,NA,NA,NA,261.648004444821,52.3296008889643,"Good"
"WHNU-642-R-1111","NARROW","MIEGLE_2020",106,1,4.71698113207547,9.43396226415094,47.1698113207547,0.943396226415094,12,12,8.49056603773585,39.622641509434,19.811320754717,36.7924528301887,8,0,20,3,8.49056603773585,0.943396226415094,21.6981132075472,3.77358490566038,48,0,32.0754716981132,2,14,19.811320754717,NA,NA,84.7271284590559,NA,NA,NA,85.2952380952381,55.1158492654352,42.595552025934,NA,0,NA,NA,NA,NA,NA,NA,NA,NA,NA,NA,NA,NA,NA,NA,267.733767845663,53.5467535691327,"Good"
"XOBM-656-R-1111","NARROW","MIEGLE_2020",110,0,0.909090909090909,5.45454545454545,85.4545454545455,0,9,0,7.27272727272727,74.5454545454545,46.3636363636364,20.9090909090909,11,0,34.7826086956522,0,9.09090909090909,0,0,2.72727272727273,39.1304347826087,0,15.4545454545455,4,17,46.3636363636364,NA,NA,92.7728559350072,NA,NA,NA,100,61.8554107762741,100,NA,0,NA,NA,NA,NA,NA,NA,NA,NA,NA,NA,NA,NA,NA,NA,354.628266711281,70.9256533422563,"Good"
"YBFB-5310-S-1111","NARROW","MIEGLE_2020",131,0,9.16030534351145,19.8473282442748,87.7862595419847,0,6,0,9.16030534351145,36.6412213740458,36.6412213740458,62.5954198473282,10,0,52.9411764705882,0,6.87022900763359,0,0,26.7175572519084,35.2941176470588,0,35.1145038167939,2,10,35.1145038167939,NA,NA,63.6730120414986,NA,NA,NA,100,51.4094889678392,37.4525122891941,NA,0,NA,NA,NA,NA,NA,NA,NA,NA,NA,NA,NA,NA,NA,NA,252.535013298532,50.5070026597064,"Good"
"YNKG-434-S-1111","NARROW","MIEGLE_2020",124,0,7.25806451612903,16.1290322580645,91.1290322580645,0,11,3.57142857142857,3.2258064516129,68.5483870967742,67.741935483871,21.7741935483871,14,0,42.8571428571429,1,18.5483870967742,0,3.2258064516129,19.3548387096774,39.2857142857143,0,20.9677419354839,3,21,65.3225806451613,NA,NA,71.1907960815517,NA,NA,NA,100,84.2512094542728,92.493336375322,NA,0,NA,NA,NA,NA,NA,NA,NA,NA,NA,NA,NA,NA,NA,NA,347.935341911147,69.5870683822293,"Good"
"ZBEU-434-X-1111","NARROW","MIEGLE_2020",118,0,21.1864406779661,4.23728813559322,41.5254237288136,0,7,6.66666666666667,3.38983050847458,38.135593220339,34.7457627118644,56.7796610169492,6,0,26.6666666666667,1,40.6779661016949,0,0.847457627118644,19.4915254237288,46.6666666666667,0,55.9322033898305,2,8,34.7457627118644,NA,NA,95.2339503930586,NA,NA,NA,100,83.3434946957688,40.0303488361894,NA,0,NA,NA,NA,NA,NA,NA,NA,NA,NA,NA,NA,NA,NA,NA,318.607793925017,63.7215587850034,"Good"
"ZBEU-634-X-1111","NARROW","MIEGLE_2020",118,0,26.271186440678,2.54237288135593,67.7966101694915,0,15,0,4.23728813559322,50.8474576271186,34.7457627118644,38.9830508474576,8,0,13.7931034482759,0,10.1694915254237,0,0,24.5762711864407,51.7241379310345,0,29.6610169491525,2,18,34.7457627118644,NA,NA,98.6607907776872,NA,NA,NA,100,78.6536351101648,61.9586986840066,NA,0,NA,NA,NA,NA,NA,NA,NA,NA,NA,NA,NA,NA,NA,NA,339.273124571859,67.8546249143717,"Good"
"ZXHK-432-R-1111","NARROW","MIEGLE_2020",133,0,14.2857142857143,53.3834586466165,81.203007518797,0,10,3.7037037037037,9.02255639097744,68.4210526315789,67.6691729323308,25.5639097744361,13,0,33.3333333333333,1,1.50375939849624,0,0.75187969924812,57.1428571428571,37.037037037037,0,70.6766917293233,5,15,63.9097744360902,NA,NA,0,NA,NA,NA,100,52.1717963974685,92.2736805788838,NA,0,NA,NA,NA,NA,NA,NA,NA,NA,NA,NA,NA,NA,NA,NA,244.445476976352,48.8890953952705,"Degraded"
